0.212,0.052,0.0,0.035,0.022,0.0,0.0,0.035,0.021,0.0,0.0,0.035,0.02,0.0,0.0,0.037,0.07,0.045,0.007,0.0,0.428,0.297,0.068,0.065,0.031,0.065,0.21,0.047,0.037,0.133,0.607,0.494,0.089,0.215,0.044,0.088,0.049,0.028,0.115,0.209,0.151,0.109,0.247,0.134,0.117,0.07,0.071,0.112,
0.091,0.009,0.0,0.01,0.036,0.008,0.001,0.012,0.036,0.005,0.0,0.016,0.035,0.001,0.0,0.021,0.152,0.356,0.076,0.286,0.075,0.075,0.036,0.02,0.025,0.056,0.554,0.172,0.12,0.0,0.152,0.059,0.042,0.625,0.124,0.207,0.081,0.112,0.109,0.082,0.076,0.281,0.183,0.088,0.045,0.034,0.034,0.033,
0.026,0.007,0.0,0.018,0.035,0.023,0.0,0.0,0.032,0.029,0.0,0.301,0.249,0.147,0.087,0.022,0.0,0.017,0.003,0.0,0.024,0.036,0.035,0.034,0.034,0.006,0.016,0.151,0.009,0.039,0.048,0.251,0.049,0.009,0.019,0.135,0.252,0.286,0.096,0.073,0.157,0.309,0.037,0.052,0.0,0.018,0.0,0.0,
0.018,0.0,0.006,0.012,0.0,0.015,0.037,0.035,0.035,0.034,0.034,0.31,0.202,0.237,0.001,0.034,0.035,0.073,0.042,0.006,0.0,0.042,0.247,0.06,0.053,0.044,0.023,0.027,0.004,0.037,0.034,0.007,0.185,0.182,0.036,0.09,0.244,0.103,0.086,0.086,0.177,0.068,0.085,0.102,0.072,0.199,0.056,0.067,
0.013,0.0,0.006,0.035,0.018,0.0,0.001,0.037,0.019,0.0,0.0,0.035,0.021,0.0,0.027,0.606,0.257,0.284,0.033,0.097,0.066,0.154,0.049,0.053,0.057,0.332,0.031,0.06,0.173,0.047,0.59,0.775,0.106,0.047,0.04,0.039,0.027,0.051,0.044,0.281,0.158,0.141,0.264,0.134,0.163,0.086,0.059,0.108,
0.034,0.001,0.0,0.02,0.035,0.004,0.0,0.017,0.034,0.006,0.0,0.014,0.035,0.622,0.004,0.014,0.035,0.006,0.272,0.014,0.036,0.489,0.057,0.051,0.055,0.222,0.734,0.268,0.091,0.021,0.0,0.274,0.153,0.001,0.196,0.031,0.033,0.015,0.144,0.109,0.091,0.096,0.066,0.269,0.306,0.107,0.102,0.006,
0.029,0.037,0.031,0.001,0.0,0.03,0.036,0.013,0.0,0.01,0.037,0.019,0.0,0.0,0.039,0.196,0.46,0.198,0.26,0.056,0.045,0.038,0.176,0.085,0.093,0.067,0.058,0.174,0.047,0.056,0.06,0.636,0.361,0.208,0.06,0.081,0.085,0.115,0.118,0.078,0.073,0.069,0.083,0.077,0.063,0.202,0.246,0.07,
0.037,0.0,0.024,0.035,0.002,0.0,0.018,0.034,0.005,0.0,0.015,0.035,0.006,0.0,0.014,0.035,0.006,0.0,0.028,0.403,0.253,0.121,0.042,0.065,0.19,0.069,0.091,0.047,0.05,0.211,0.163,0.285,0.228,0.049,0.147,0.239,0.044,0.082,0.466,0.106,0.092,0.085,0.059,0.057,0.196,0.089,0.074,0.061,
0.013,0.038,0.023,0.0,0.0,0.034,0.03,0.0,0.0,0.027,0.033,0.0,0.0,0.024,0.035,0.001,0.0,0.02,0.035,0.431,0.175,0.354,0.04,0.401,0.662,0.897,0.038,0.032,0.04,0.053,0.057,0.199,0.0,0.01,0.201,0.067,0.062,0.113,0.131,0.229,0.101,0.366,0.057,0.09,0.039,0.038,0.039,0.039,
0.038,0.038,0.007,0.0,0.021,0.038,0.037,0.034,0.033,0.001,0.0,0.319,0.241,0.125,0.005,0.012,0.037,0.247,0.013,0.012,0.005,0.189,0.017,0.028,0.029,0.1,0.05,0.092,0.036,0.003,0.201,0.018,0.035,0.182,0.034,0.024,0.013,0.152,0.184,0.279,0.06,0.099,0.108,0.196,0.0,0.0,0.03,0.026,
0.0,0.0,0.028,0.025,0.0,0.0,0.03,0.037,0.037,0.014,0.0,0.261,0.21,0.041,0.0,0.264,0.17,0.066,0.055,0.1,0.074,0.073,0.114,0.064,0.04,0.188,0.055,0.011,0.0,0.009,0.104,0.112,0.037,0.159,0.065,0.058,0.017,0.167,0.02,0.03,0.122,0.211,0.052,0.052,0.076,0.143,0.073,0.018,
0.034,0.0,0.0,0.02,0.036,0.016,0.0,0.002,0.035,0.015,0.0,0.003,0.172,0.332,0.037,0.078,0.158,0.116,0.001,0.037,0.053,0.144,0.034,0.05,0.027,0.015,0.142,0.038,0.051,0.282,0.928,0.081,0.048,0.03,0.036,0.002,0.023,0.334,0.076,0.291,0.161,0.056,0.058,0.082,0.024,0.004,0.0,0.034,
0.017,0.0,0.008,0.077,0.046,0.038,0.011,0.0,0.009,0.034,0.069,0.326,0.185,0.156,0.014,0.035,0.035,0.034,0.01,0.0,0.01,0.038,0.037,0.176,0.202,0.075,0.038,0.127,0.035,0.207,0.002,0.933,0.132,0.01,0.085,0.073,0.15,0.092,0.079,0.086,0.176,0.149,0.099,0.021,0.253,0.089,0.019,0.019,
0.037,0.006,0.0,0.018,0.036,0.014,0.0,0.011,0.037,0.084,0.028,0.007,0.289,0.155,0.035,0.035,0.41,0.085,0.041,0.032,0.073,0.035,0.032,0.034,0.053,0.397,0.042,0.058,0.087,0.103,0.075,0.395,0.183,0.041,0.225,0.14,0.118,0.105,0.121,0.104,0.216,0.055,0.117,0.087,0.071,0.057,0.052,0.21,
0.227,0.227,0.082,0.0,0.036,0.024,0.0,0.0,0.031,0.048,0.062,0.018,0.0,0.004,0.037,0.035,0.03,0.0,0.0,0.045,0.617,0.158,0.013,0.041,0.208,0.393,0.595,0.019,0.064,0.253,0.002,0.024,0.069,0.044,0.03,0.0,0.0,0.025,0.035,0.013,0.0,0.006,0.036,0.027,0.0,0.0,0.028,0.034,0.004
0.0,0.016,0.035,0.013,0.0,0.005,0.036,0.062,0.049,0.008,0.0,0.012,0.037,0.035,0.03,0.0,0.0,0.025,0.035,0.011,0.0,0.007,0.036,0.022,0.0,0.0,0.033,0.032,0.0,0.0,0.022,0.034,0.011,0.0,0.009,0.035,0.023,0.0,0.0,0.052,0.314,0.174,0.103,0.095,0.108,0.209,0.363,0.154,
0.071,0.077,0.036,0.008,0.0,0.016,0.037,0.054,0.06,0.015,0.0,0.007,0.038,0.037,0.036,0.013,0.0,0.068,0.42,0.312,0.003,0.173,0.04,0.067,0.05,0.168,0.0,0.034,0.065,0.035,0.004,0.029,0.055,0.048,0.317,0.099,0.157,0.158,0.181,0.116,0.209,0.184,0.069,0.074,0.162,0.19,0.062,0.054,
0.011,0.0,0.009,0.037,0.049,0.061,0.018,0.0,0.004,0.039,0.036,0.035,0.151,0.27,0.004,0.02,0.0,0.027,0.264,0.043,0.04,0.014,0.106,0.066,0.035,0.006,0.035,0.014,0.203,0.016,0.015,0.032,0.185,0.094,0.012,0.181,0.043,0.083,0.066,0.096,0.082,0.331,0.097,0.073,0.11,0.221,0.139,0.053,
0.02,0.035,0.011,0.0,0.008,0.037,0.068,0.045,0.006,0.0,0.015,0.038,0.035,0.414,0.001,0.0,0.028,0.035,0.109,0.143,0.023,0.161,0.049,0.0,0.0,0.077,0.21,0.039,0.043,1.13,0.155,0.081,0.023,0.0,0.078,0.444,0.189,0.158,0.035,0.105,0.153,0.089,0.029,0.034,0.054,0.08,0.032,,
0.026,0.029,0.035,0.079,0.022,0.0,0.0,0.035,0.036,0.035,0.013,0.0,0.006,0.284,0.214,0.0,0.0,0.021,0.097,0.175,0.01,0.032,0.053,0.136,0.007,0.105,0.199,0.035,0.013,0.021,0.062,0.036,0.272,0.556,0.186,0.036,0.074,0.106,0.102,0.112,0.103,0.058,0.061,0.206,0.264,0.166,0.062,0.152,
0.045,0.065,0.0,0.017,0.035,0.082,0.031,0.0,0.0,0.022,0.036,0.035,0.02,0.0,0.0,0.172,0.049,0.054,0.284,0.132,0.187,0.082,0.025,0.108,0.209,0.227,0.03,0.105,0.097,0.039,0.073,0.031,0.419,0.275,0.149,0.078,0.134,0.151,0.105,0.098,0.189,0.065,0.086,0.177,0.088,0.067,0.175,,
0.036,0.071,0.054,0.059,0.015,0.0,0.006,0.04,0.036,0.035,0.01,0.0,0.009,0.038,0.035,0.003,0.0,0.033,0.055,0.178,0.293,0.354,0.076,0.048,0.055,0.203,0.111,0.055,0.053,0.066,0.51,0.798,0.461,0.088,0.401,0.049,0.176,0.149,0.095,0.306,0.139,0.147,0.1,0.054,0.263,0.093,0.086,0.148,
0.094,0.0,0.0,0.03,0.037,0.036,0.031,0.0,0.0,0.025,0.036,0.028,0.0,0.0,0.028,0.036,0.014,0.0,0.013,0.557,0.276,0.023,0.048,0.043,0.053,0.039,0.023,0.27,0.11,0.036,0.15,0.099,0.01,0.038,0.05,0.161,0.701,0.509,0.155,0.069,0.068,0.213,0.203,0.078,0.156,0.179,0.024,0.069,
0.004,0.012,0.016,0.0,0.016,0.003,0.014,0.012,0.005,0.016,0.0,0.017,0.142,0.284,0.017,0.006,0.008,0.278,0.028,0.038,0.164,0.025,0.012,0.201,0.0,0.003,0.041,0.029,0.035,0.023,0.0,0.22,0.65,0.239,0.027,0.0,0.014,0.12,0.153,0.279,0.084,0.066,0.117,0.066,0.0,0.024,0.0,0.002,
0.023,0.002,0.005,0.041,0.039,0.036,0.036,0.036,0.02,0.074,0.026,0.302,0.135,0.043,0.191,0.163,0.07,0.017,0.016,0.051,0.051,0.05,0.259,0.071,0.013,0.136,0.026,0.013,0.017,0.04,0.411,0.194,0.017,0.014,0.0,0.028,0.112,0.361,0.188,0.097,0.092,0.115,0.246,0.276,0.093,0.106,0.061,0.052,
0.012,0.03,0.041,0.039,0.031,0.005,0.0,0.029,0.04,0.021,0.0,0.0,0.174,0.298,0.076,0.024,0.0,0.004,0.256,0.066,0.066,0.053,0.04,0.08,0.038,0.032,0.003,0.007,0.045,0.056,0.025,0.0,0.499,0.083,0.065,0.032,0.001,0.522,0.188,0.118,0.08,0.162,0.114,0.146,0.022,0.037,0.027,0.0,
0.002,0.032,0.028,0.0,0.0,0.034,0.027,0.0,0.0,0.032,0.027,0.282,0.214,0.158,0.0,0.01,0.039,0.06,0.052,0.012,0.0,0.01,0.159,0.037,0.052,0.033,0.01,0.007,0.04,0.036,0.98,0.287,0.195,0.035,0.055,0.05,0.01,0.0,0.118,0.118,0.111,0.224,0.058,0.059,0.358,0.255,0.132,0.031,
0.0,0.026,0.037,0.026,0.0,0.006,0.032,0.037,0.076,0.042,0.005,0.0,0.018,0.041,0.037,0.432,0.075,0.198,0.094,0.084,0.078,0.201,0.024,0.146,0.187,0.236,0.196,0.187,0.167,0.18,0.175,0.178,0.355,0.368,0.048,0.012,0.116,0.16,0.14,0.073,0.075,0.074,0.212,0.068,0.062,0.08,0.073,0.176,
0.041,0.026,0.016,0.0,0.02,0.0,0.02,0.0,0.02,0.0,0.02,0.0,0.017,0.003,0.008,0.012,0.0,0.02,0.147,0.431,0.048,0.124,0.47,0.065,0.059,0.147,0.009,0.155,0.253,0.771,0.596,0.265,0.082,0.085,0.06,0.246,0.115,0.107,0.107,0.446,0.164,0.106,0.098,0.117,0.055,0.07,0.089,0.087,
0.065,0.016,0.019,0.037,0.022,0.0,0.0,0.034,0.036,0.085,0.022,0.0,0.0,0.031,0.038,0.035,0.035,0.0,0.096,0.292,0.263,0.081,0.187,0.025,0.045,0.046,0.046,0.121,0.202,0.215,0.2,0.175,0.065,0.306,0.054,0.056,0.07,0.233,0.056,0.09,0.077,0.136,0.047,0.103,0.119,0.263,0.047,0.056,
0.037,0.056,0.058,0.014,0.0,0.007,0.04,0.036,0.035,0.011,0.0,0.009,0.14,0.363,0.002,0.0,0.02,0.092,0.226,0.017,0.015,0.096,0.065,0.02,0.168,0.0,0.037,0.054,0.041,0.015,0.204,0.678,0.135,0.002,0.019,0.061,0.044,0.035,0.102,0.166,0.168,0.087,0.03,0.01,0.135,0.048,0.085,0.083,
0.022,0.0,0.0,0.032,0.038,0.035,0.034,0.001,0.0,0.021,0.037,0.325,0.142,0.023,0.173,0.053,0.199,0.025,0.021,0.044,0.054,0.076,0.239,0.034,0.082,0.216,0.171,0.045,0.07,0.254,0.278,0.699,0.018,0.111,0.195,0.076,0.135,0.142,0.14,0.122,0.088,0.197,0.103,0.216,0.048,0.045,0.161,0.07,
0.001,0.0,0.033,0.025,0.0,0.0,0.034,0.038,0.017,0.0,0.004,0.036,0.013,0.401,0.009,0.039,0.038,0.018,0.2,0.001,0.043,0.055,0.047,0.001,0.02,0.061,0.038,0.11,0.008,0.26,1.189,0.147,0.056,0.027,0.024,0.038,0.458,0.185,0.108,0.21,0.132,0.107,0.151,0.058,0.053,0.034,0.029,0.035,
0.054,0.014,0.0,0.006,0.041,0.042,0.035,0.001,0.0,0.024,0.029,0.303,0.243,0.21,0.121,0.043,0.115,0.057,0.051,0.043,0.003,0.008,0.09,0.05,0.059,0.129,0.157,0.036,0.003,0.0,0.218,0.337,0.03,0.0,0.064,0.033,0.072,0.241,0.071,0.071,0.167,0.177,0.058,0.104,0.031,0.233,0.038,0.039,
0.038,0.002,0.0,0.022,0.038,0.013,0.0,0.013,0.039,0.011,0.0,0.074,0.4,0.03,0.184,0.031,0.278,0.078,0.058,0.037,0.039,0.04,0.024,0.019,0.057,0.386,0.013,0.023,0.076,0.038,0.012,0.011,0.041,0.037,0.224,0.019,0.083,0.045,0.017,0.079,0.085,0.099,0.108,0.081,0.077,0.058,0.168,0.22,
0.015,0.083,0.0,0.019,0.0,0.011,0.008,0.003,0.016,0.0,0.019,0.0,0.019,0.0,0.019,0.0,0.019,0.019,0.455,0.044,0.064,0.196,0.01,0.06,0.071,0.024,0.16,0.031,0.062,0.109,0.033,0.071,0.348,0.835,0.318,0.475,0.207,0.149,0.085,0.08,0.434,0.152,0.077,0.15,0.102,0.101,0.085,0.087,
0.075,0.082,0.036,0.01,0.0,0.012,0.038,0.036,0.034,0.034,0.026,0.0,0.02,0.0,0.0,0.031,0.035,0.034,0.147,0.274,0.131,0.116,0.017,0.061,0.158,0.062,0.044,0.081,0.06,0.0,0.157,0.1,0.218,0.074,0.136,0.222,0.038,0.09,0.047,0.236,0.238,0.064,0.059,0.123,0.036,0.001,0.0,0.021,
0.039,0.038,0.036,0.034,0.034,0.034,0.034,0.023,0.0,0.0,0.031,0.325,0.275,0.084,0.001,0.035,0.038,0.188,0.01,0.021,0.015,0.035,0.017,0.0,0.005,0.042,0.043,0.039,0.013,0.0,0.018,0.226,0.21,0.086,0.022,0.011,0.216,0.234,0.11,0.162,0.216,0.135,0.049,0.016,0.07,0.013,0.038,0.036,
0.026,0.0,0.0,0.029,0.036,0.026,0.0,0.0,0.03,0.036,0.02,0.0,0.544,0.102,0.039,0.024,0.0,0.0,0.187,0.037,0.024,0.0,0.0,0.032,0.056,0.044,0.068,0.023,0.0,0.0,0.039,0.796,0.076,0.004,0.04,0.038,0.035,0.035,0.374,0.194,0.096,0.053,0.01,0.012,0.046,0.045,0.174,0.056,
0.014,0.0,0.022,0.037,0.034,0.02,0.0,0.0,0.036,0.035,0.035,0.083,0.156,0.247,0.022,0.034,0.176,0.138,0.057,0.04,0.034,0.033,0.106,0.0,0.016,0.039,0.037,0.034,0.03,0.0,0.687,0.874,0.09,0.083,0.075,0.055,0.0,0.016,0.276,0.309,0.09,0.017,0.023,0.086,0.046,0.044,0.074,0.085,
0.023,0.0,0.0,0.033,0.039,0.037,0.035,0.035,0.034,0.016,0.0,0.159,0.335,0.038,0.035,0.237,0.111,0.018,0.053,0.045,0.034,0.012,0.0,0.008,0.038,0.036,0.024,0.0,0.0,0.032,0.214,0.201,0.1,0.13,0.141,0.116,0.19,0.195,0.15,0.069,0.154,0.027,0.096,0.093,0.088,0.036,0.034,0.023,
0.0,0.0,0.034,0.038,0.035,0.019,0.0,0.0,0.038,0.036,0.024,0.303,0.118,0.033,0.106,0.263,0.055,0.068,0.058,0.058,0.051,0.173,0.222,0.55,0.242,0.166,0.057,0.247,0.045,0.029,0.038,0.05,0.053,0.054,0.074,0.082,0.528,0.071,0.049,0.041,0.089,0.074,0.087,0.09,0.101,0.094,0.089,0.061,
0.173,0.15,0.049,0.035,0.01,0.0,0.009,0.039,0.035,0.02,0.0,0.0,0.037,0.036,0.06,0.055,0.014,0.0,0.008,0.271,0.316,0.206,0.036,0.036,0.132,0.025,0.024,0.055,0.079,0.053,0.05,0.022,0.019,0.19,0.253,0.081,0.378,0.114,0.093,0.102,0.111,0.173,0.262,0.132,0.066,0.089,0.078,0.046,
0.049,0.107,0.043,0.057,0.057,0.014,0.0,0.008,0.04,0.037,0.035,0.035,0.032,0.001,0.0,0.022,0.037,0.035,0.008,0.0,0.509,0.365,0.123,0.041,0.026,0.012,0.146,0.259,0.074,0.02,0.011,0.055,0.039,0.035,0.009,0.158,0.056,0.071,0.296,0.171,0.093,0.088,0.079,0.153,0.144,0.011,0.01,0.04,
0.04,0.001,0.0,0.021,0.04,0.037,0.035,0.034,0.035,0.007,0.0,0.013,0.159,0.303,0.027,0.0,0.069,0.129,0.036,0.022,0.0,0.119,0.041,0.04,0.014,0.152,0.041,0.052,0.048,0.026,0.166,0.028,0.036,0.034,0.0,0.0,0.233,0.488,0.167,0.092,0.134,0.082,0.095,0.096,0.092,0.201,0.057,0.01,
0.0,0.0,0.009,0.0,0.012,0.036,0.035,0.023,0.008,0.001,0.0,0.01,0.0,0.011,0.0,0.009,0.379,0.055,0.121,0.053,0.129,0.026,0.153,0.051,0.065,0.036,0.025,0.072,0.11,0.073,0.044,0.039,0.9,0.095,0.054,0.073,0.023,0.049,0.049,0.137,0.06,0.12,0.076,0.186,0.117,0.119,0.1,0.108,0.141
0.016,0.037,0.038,0.036,0.035,0.034,0.034,0.01,0.0,0.01,0.038,0.035,0.18,0.264,0.0,0.011,0.038,0.037,0.133,0.129,0.14,0.055,0.082,0.052,0.031,0.0,0.128,0.025,0.056,0.079,0.893,0.109,0.103,0.036,0.219,0.322,0.197,0.192,0.171,0.144,0.117,0.215,0.096,0.077,0.118,0.049,0.027,0.007,
0.001,0.044,0.037,0.024,0.0,0.005,0.035,0.037,0.02,0.0,0.0,0.342,0.191,0.248,0.002,0.019,0.037,0.023,0.0,0.029,0.038,0.181,0.003,0.0,0.019,0.036,0.062,0.057,0.014,0.02,0.001,0.375,0.06,0.087,0.063,0.019,0.086,0.105,0.167,0.044,0.151,0.036,0.013,0.214,0.077,0.041,0.001,0.023,
0.037,0.036,0.035,0.013,0.0,0.021,0.003,0.0,0.019,0.037,0.036,0.339,0.13,0.0,0.105,0.226,0.081,0.075,0.08,0.076,0.221,0.103,0.038,0.017,0.094,0.17,0.165,0.019,0.189,0.423,0.442,0.284,0.118,0.073,0.232,0.391,0.129,0.096,0.028,0.221,0.066,0.056,0.094,0.091,0.2,0.073,0.062,0.084,
0.152,0.013,0.036,0.001,0.0,0.022,0.038,0.036,0.035,0.028,0.0,0.0,0.029,0.036,0.035,0.09,0.022,0.001,0.111,0.502,0.006,0.245,0.028,0.145,0.037,0.06,0.149,0.034,0.06,0.161,0.159,0.698,0.236,0.131,0.088,0.098,0.013,0.03,0.07,0.406,0.165,0.102,0.078,0.081,0.085,0.113,0.105,0.109,
0.127,0.082,0.011,0.01,0.01,0.028,0.023,0.009,0.01,0.01,0.022,0.025,0.009,0.01,0.005,0.018,0.037,0.01,0.144,0.516,0.197,0.017,0.048,0.066,0.273,0.068,0.285,0.276,0.065,0.041,0.031,0.011,0.049,0.175,0.042,0.096,0.039,0.012,0.053,0.325,0.093,0.076,0.083,0.065,0.063,0.142,0.169,0.038,
0.0,0.033,0.017,0.026,0.027,0.0,0.008,0.038,0.08,0.039,0.042,0.038,0.099,0.288,0.013,0.106,0.03,0.338,0.103,0.21,0.049,0.022,0.195,0.014,0.0,0.033,0.057,0.164,0.06,0.032,0.192,0.037,0.033,0.062,0.031,0.022,0.046,0.036,0.065,0.173,0.082,0.259,0.087,0.079,0.06,0.087,0.135,0.158,
0.041,0.036,0.036,0.079,0.04,0.026,0.0,0.0,0.036,0.014,0.003,0.017,0.0,0.031,0.016,0.18,0.248,0.059,0.179,0.1,0.02,0.154,0.058,0.031,0.037,0.256,0.21,0.244,0.444,0.029,0.246,0.355,0.026,0.187,0.056,0.042,0.037,0.02,0.114,0.233,0.074,0.221,0.102,0.069,0.095,0.18,0.027,0.0,
0.021,0.03,0.007,0.009,0.0,0.034,0.017,0.017,0.074,0.039,0.039,0.018,0.071,0.301,0.09,0.015,0.016,0.028,0.099,0.158,0.014,0.036,0.016,0.058,0.054,0.031,0.027,0.272,0.118,0.471,0.089,0.252,0.105,0.101,0.095,0.037,0.039,0.036,0.499,0.213,0.123,0.066,0.032,0.097,0.078,0.084,0.039,0.035,
0.046,0.072,0.03,0.024,0.0,0.0,0.039,0.037,0.036,0.035,0.017,0.562,0.034,0.018,0.067,0.029,0.017,0.007,0.0,0.015,0.038,0.197,0.036,0.026,0.018,0.0,0.0,0.285,0.035,0.032,0.024,0.183,0.048,0.012,0.106,0.003,0.069,0.124,0.259,0.0,0.173,0.158,0.019,0.039,0.214,0.099,0.069,0.037,
0.081,0.041,0.042,0.007,0.0,0.039,0.038,0.037,0.037,0.018,0.01,0.389,0.031,0.001,0.0,0.159,0.203,0.085,0.064,0.097,0.109,0.109,0.226,0.474,0.522,0.163,0.042,0.021,0.046,0.179,0.169,0.158,0.177,0.163,0.199,0.16,1.0880001,0.125,0.172,0.118,0.106,0.101,0.087,0.077,0.073,0.063,0.102,0.282,
0.025,0.033,0.005,0.02,0.014,0.026,0.011,0.0,0.03,0.014,0.003,0.03,0.013,0.017,0.013,0.019,0.018,0.12,0.418,0.04,0.118,0.048,0.027,0.045,0.045,0.036,0.022,0.519,0.216,0.169,0.465,0.065,0.044,0.035,0.085,0.088,0.084,0.103,0.063,0.051,0.055,0.049,0.192,0.093,0.132,0.261,0.094,0.102,
0.036,0.05,0.046,0.038,0.037,0.039,0.036,0.036,0.029,0.019,0.0,0.003,0.04,0.039,0.037,0.323,0.346,0.074,0.16,0.151,0.07,0.083,0.041,0.039,0.008,0.034,0.355,0.176,0.148,0.167,0.188,0.182,0.182,0.181,0.074,0.175,0.049,0.052,0.176,0.118,0.098,0.193,0.083,0.223,0.109,0.146,0.044,0.036,
0.033,0.033,0.033,0.034,0.033,0.074,0.045,0.024,0.012,0.013,0.012,0.012,0.16,0.267,0.039,0.065,0.134,0.014,0.044,0.099,0.04,0.041,0.015,0.056,0.055,0.165,0.195,0.142,0.013,0.033,0.045,0.199,0.025,0.191,0.169,0.05,0.049,0.058,0.278,0.166,0.065,0.097,0.106,0.168,0.2,0.087,0.136,0.079,
0.078,0.031,0.041,0.041,0.041,0.041,0.04,0.01,0.0,0.012,0.041,0.04,0.038,0.036,0.01,0.0,0.107,0.41,0.179,0.074,0.043,0.028,0.021,0.048,0.048,0.045,0.063,0.119,0.053,0.062,0.234,0.068,0.126,0.258,0.187,0.094,0.061,0.097,0.2,0.108,0.126,0.091,0.031,0.076,0.024,0.039,0.038,0.033,
0.0,0.0,0.026,0.039,0.037,0.008,0.0,0.011,0.04,0.037,0.017,0.0,0.04,0.458,0.088,0.186,0.02,0.003,0.006,0.04,0.039,0.04,0.04,0.039,0.038,0.088,0.023,0.0,0.0,0.035,0.041,0.038,0.036,0.033,0.0,0.159,0.022,0.087,0.111,0.082,0.229,0.109,0.111,0.098,0.18,0.03,0.041,0.175,
0.02,0.0,0.011,0.037,0.032,0.0,0.0,0.026,0.037,0.016,0.0,0.004,0.039,0.422,0.001,0.0,0.022,0.208,0.053,0.0,0.025,0.06,0.08,0.084,0.044,0.021,0.157,0.209,0.081,0.078,0.252,0.469,0.197,0.11,0.098,0.016,0.014,0.02,0.188,0.096,0.06,0.073,0.069,0.089,0.426,0.073,0.031,0.017,
0.018,0.002,0.038,0.001,0.009,0.029,0.007,0.018,0.02,0.019,0.003,0.01,0.024,0.0,0.023,0.014,0.138,0.414,0.28,0.047,0.072,0.063,0.048,0.029,0.092,0.159,0.068,0.107,0.101,0.067,0.135,1.0369999,0.098,0.068,0.257,0.05,0.077,0.067,0.05,0.102,0.093,0.094,0.085,0.112,0.073,0.051,0.076,0.192,
0.144,0.041,0.014,0.0,0.006,0.041,0.036,0.027,0.0,0.0,0.031,0.037,0.031,0.0,0.0,0.027,0.037,0.042,0.218,0.435,0.071,0.212,0.017,0.049,0.271,0.502,0.042,0.356,0.007,0.325,0.698,0.171,0.085,0.086,0.084,0.439,0.041,0.034,0.037,0.038,0.078,0.079,0.121,0.147,0.067,0.067,0.097,0.117,
0.098,0.036,0.035,0.035,0.034,0.032,0.033,0.085,0.036,0.042,0.04,0.0,0.0,0.024,0.041,0.04,0.037,0.036,0.036,0.03,0.437,0.209,0.111,0.084,0.05,0.05,0.087,0.066,0.365,0.208,0.149,0.045,0.022,0.659,0.074,0.046,0.053,0.04,0.089,0.179,0.134,0.102,0.091,0.1,0.097,0.274,0.05,0.043,
0.041,0.082,0.029,0.043,0.042,0.042,0.041,0.041,0.041,0.03,0.0,0.0,0.042,0.484,0.044,0.04,0.064,0.061,0.195,0.03,0.02,0.014,0.048,0.04,0.047,0.056,0.092,0.279,0.121,0.006,0.016,0.781,0.056,0.158,0.127,0.238,0.12,0.169,0.291,0.158,0.206,0.107,0.081,0.046,0.043,0.046,0.046,0.038,
0.02,0.003,0.039,0.001,0.0,0.029,0.041,0.038,0.037,0.016,0.0,0.163,0.193,0.459,0.123,0.034,0.04,0.055,0.044,0.034,0.0,0.078,0.137,0.107,0.026,0.032,0.04,0.038,0.04,0.24,0.364,0.049,0.05,0.11,0.112,0.022,0.042,0.194,0.088,0.171,0.121,0.108,0.096,0.077,0.085,0.063,0.134,0.043,
0.041,0.028,0.0,0.0,0.035,0.041,0.04,0.037,0.036,0.009,0.0,0.012,0.04,0.04,0.158,0.495,0.109,0.14,0.041,0.231,0.093,0.07,0.025,0.03,0.056,0.173,0.32,0.08,0.062,0.413,0.958,0.141,0.232,0.198,0.177,0.051,0.052,0.115,0.202,0.098,0.098,0.071,0.057,0.239,0.097,0.095,0.065,0.042,
0.036,0.035,0.073,0.045,0.007,0.0,0.015,0.042,0.041,0.04,0.038,0.036,0.073,0.513,0.008,0.006,0.152,0.065,0.195,0.038,0.035,0.017,0.0,0.003,0.04,0.04,0.037,0.036,0.001,0.0,0.374,0.189,0.067,0.145,0.14,0.082,0.035,0.011,0.012,0.043,0.05,0.05,0.045,0.295,0.241,0.126,0.1,0.011,
0.039,0.041,0.04,0.038,0.036,0.006,0.0,0.015,0.041,0.039,0.036,0.035,0.001,0.275,0.125,0.093,0.044,0.184,0.176,0.093,0.088,0.061,0.095,0.225,0.186,0.191,0.094,0.062,0.059,0.222,0.021,0.0,0.0,0.134,0.229,0.061,0.086,0.163,0.166,0.116,0.074,0.061,0.064,0.098,0.095,0.097,0.092,0.085,
0.143,0.128,0.037,0.04,0.038,0.035,0.079,0.035,0.002,0.0,0.02,0.041,0.041,0.038,0.036,0.036,0.029,0.0,0.0,0.491,0.102,0.098,0.203,0.078,0.155,0.013,0.024,0.04,0.36,0.818,0.205,0.985,0.091,0.148,0.065,0.043,0.04,0.053,0.242,0.16,0.324,0.088,0.103,0.084,0.053,0.053,0.091,0.09,
0.04,0.037,0.036,0.035,0.022,0.0,0.0,0.037,0.04,0.037,0.036,0.015,0.0,0.004,0.04,0.039,0.035,0.017,0.217,0.267,0.128,0.151,0.079,0.11,0.104,0.046,0.029,0.043,0.076,0.263,0.062,0.15,0.037,0.055,0.155,0.19,0.223,0.182,0.117,0.138,0.235,0.091,0.041,0.016,0.006,0.01,0.012,0.013,
0.012,0.001,0.014,0.014,0.013,0.006,0.023,0.303,0.19,0.02,0.008,0.029,0.068,0.257,0.056,0.038,0.012,0.016,0.039,0.031,0.046,0.011,0.013,0.037,0.02,0.021,0.047,0.032,0.005,0.022,0.043,0.086,0.072,0.149,0.011,0.029,0.156,0.241,0.096,0.161,0.067,0.087,0.114,0.173,0.031,0.013,0.018,0.026,
0.012,0.017,0.03,0.011,0.013,0.038,0.08,0.037,0.04,0.027,0.012,0.191,0.155,0.278,0.042,0.047,0.032,0.02,0.035,0.012,0.124,0.144,0.118,0.038,0.058,0.163,0.014,0.044,0.047,0.014,0.012,0.038,0.196,0.032,0.039,0.017,0.018,0.047,0.022,0.214,0.208,0.079,0.079,0.099,0.12,0.024,0.074,0.041,
0.04,0.026,0.025,0.014,0.024,0.023,0.012,0.036,0.006,0.022,0.015,0.019,0.03,0.003,0.177,0.316,0.203,0.066,0.041,0.06,0.033,0.045,0.034,0.06,0.138,0.281,0.081,0.052,0.035,0.084,0.043,1.107,0.217,0.098,0.052,0.033,0.029,0.196,0.276,0.156,0.119,0.106,0.097,0.123,0.067,0.031,0.013,0.033,
0.013,0.023,0.011,0.021,0.023,0.012,0.033,0.004,0.024,0.019,0.013,0.033,0.017,0.384,0.02,0.018,0.028,0.064,0.119,0.162,0.013,0.032,0.028,0.044,0.016,0.02,0.059,0.011,0.028,0.054,0.023,0.023,0.079,0.3,0.123,0.04,0.03,0.05,0.037,0.028,0.026,0.192,0.161,0.141,0.245,0.099,0.061,0.084,
0.123,0.123,0.048,0.024,0.0,0.001,0.041,0.042,0.041,0.037,0.037,0.037,0.012,0.0,0.008,0.041,0.04,0.037,0.153,0.498,0.139,0.045,0.049,0.078,0.083,0.001,0.184,0.024,0.016,0.048,0.35,0.607,0.117,0.849,0.065,0.011,0.035,0.033,0.0,0.028,0.0,0.008,0.04,0.023,0.019,0.006,0.0,0.035,0.033
0.005,0.019,0.0,0.02,0.039,0.009,0.023,0.0,0.003,0.04,0.024,0.012,0.01,0.0,0.031,0.041,0.069,0.044,0.04,0.016,0.02,0.0,0.033,0.025,0.0,0.03,0.024,0.016,0.004,0.0,0.037,0.023,0.009,0.012,0.0,0.039,0.021,0.007,0.03,0.017,0.02,0.0,0.005,0.04,0.015,0.019,0.002,0.006,
0.039,0.016,0.012,0.024,0.021,0.02,0.0,0.005,0.04,0.014,0.017,0.003,0.0,0.04,0.021,0.008,0.021,0.058,0.052,0.043,0.038,0.011,0.015,0.0,0.03,0.03,0.001,0.027,0.025,0.014,0.203,0.071,0.095,0.243,0.121,0.145,0.045,0.053,0.223,0.142,0.15,0.159,0.073,0.066,0.087,0.094,0.071,0.025,
0.036,0.01,0.008,0.023,0.046,0.067,0.044,0.039,0.035,0.008,0.008,0.018,0.038,0.372,0.244,0.008,0.009,0.14,0.227,0.011,0.034,0.046,0.032,0.05,0.028,0.055,0.132,0.022,0.052,0.051,0.016,0.183,0.285,0.777,0.377,0.049,0.192,0.198,0.038,0.012,0.137,0.219,0.057,0.008,0.028,0.05,0.066,0.044,
0.038,0.031,0.0,0.02,0.037,0.014,0.0,0.022,0.036,0.013,0.0,0.27,0.162,0.206,0.038,0.04,0.041,0.003,0.0,0.019,0.041,0.042,0.163,0.18,0.192,0.102,0.194,0.035,0.02,0.0,0.0,0.039,0.039,0.059,0.037,0.36,0.123,0.06,0.085,0.136,0.205,0.098,0.089,0.087,0.093,0.087,0.115,0.193,
0.019,0.031,0.044,0.038,0.037,0.03,0.0,0.0,0.033,0.039,0.037,0.03,0.0,0.0,0.03,0.142,0.493,0.071,0.319,0.036,0.074,0.076,0.084,0.082,0.192,0.257,0.052,0.034,0.07,0.06,0.603,0.726,0.117,0.112,0.056,0.018,0.184,0.035,0.261,0.055,0.168,0.121,0.064,0.059,0.04,0.064,0.008,0.008,
0.03,0.036,0.035,0.034,0.013,0.008,0.0,0.018,0.001,0.0,0.02,0.0,0.0,0.38,0.006,0.014,0.119,0.2,0.001,0.021,0.001,0.042,0.091,0.059,0.045,0.166,0.021,0.002,0.041,0.035,0.037,0.01,0.009,0.012,0.281,0.279,0.147,0.04,0.04,0.048,0.018,0.057,0.252,0.206,0.089,0.141,0.038,0.013,
0.0,0.037,0.038,0.027,0.018,0.041,0.038,0.036,0.035,0.035,0.035,0.034,0.037,0.035,0.034,0.076,0.043,0.221,0.373,0.103,0.075,0.038,0.057,0.044,0.019,0.129,0.188,0.078,0.114,0.071,0.054,0.072,0.564,0.238,0.266,0.148,0.306,0.184,0.134,0.067,0.067,0.094,0.091,0.091,0.22,0.075,0.093,0.09,
0.177,0.044,0.033,0.034,0.036,0.034,0.033,0.033,0.036,0.071,0.048,0.009,0.017,0.019,0.0,0.004,0.042,0.126,0.306,0.23,0.048,0.11,0.233,0.057,0.041,0.065,0.055,0.241,0.054,0.045,0.045,0.045,0.544,0.142,0.247,0.16,0.175,0.068,0.057,0.269,0.167,0.145,0.123,0.061,0.242,0.103,0.084,0.043,
0.041,0.04,0.04,0.039,0.038,0.037,0.036,0.015,0.0,0.004,0.036,0.031,0.0,0.0,0.025,0.039,0.155,0.432,0.247,0.019,0.014,0.041,0.04,0.039,0.037,0.035,0.035,0.063,0.054,0.013,0.0,0.009,0.041,0.04,0.04,0.036,0.036,0.035,0.218,0.126,0.077,0.451,0.11,0.096,0.087,0.131,0.013,0.039,
0.036,0.035,0.003,0.0,0.019,0.036,0.036,0.013,0.0,0.007,0.038,0.035,0.024,0.346,0.053,0.013,0.0,0.009,0.318,0.041,0.076,0.076,0.1,0.047,0.006,0.092,0.122,0.04,0.035,0.047,0.04,0.252,0.652,0.042,0.024,0.058,0.033,0.285,0.08,0.165,0.259,0.118,0.112,0.124,0.098,0.044,0.036,0.034,
0.03,0.0,0.023,0.006,0.0,0.016,0.039,0.035,0.034,0.034,0.083,0.198,0.886,0.154,0.026,0.045,0.034,0.004,0.015,0.041,0.042,0.106,0.121,0.16,0.143,0.108,0.035,0.045,0.053,0.051,0.04,0.038,0.044,0.382,0.11,0.074,0.036,0.143,0.261,0.117,0.231,0.104,0.097,0.247,0.165,0.023,0.013,0.015,
0.004,0.032,0.012,0.014,0.031,0.04,0.03,0.006,0.0,0.02,0.0,0.0,0.04,0.038,0.023,0.04,0.201,0.432,0.068,0.068,0.067,0.075,0.08,0.079,0.142,0.292,0.022,0.054,0.035,0.034,0.561,0.322,0.095,0.164,0.196,0.08,0.057,0.053,0.446,0.131,0.151,0.077,0.032,0.086,0.025,0.006,0.04,0.037,
0.036,0.035,0.036,0.035,0.036,0.035,0.004,0.019,0.001,0.0,0.02,0.038,0.263,0.404,0.038,0.034,0.004,0.223,0.0,0.0,0.038,0.045,0.044,0.164,0.101,0.04,0.017,0.0,0.009,0.015,0.0,0.018,0.042,0.251,0.627,0.027,0.162,0.12,0.117,0.226,0.159,0.063,0.057,0.095,0.115,0.216,0.119,0.04,
0.038,0.036,0.036,0.036,0.034,0.035,0.012,0.023,0.0,0.0,0.032,0.036,0.036,0.035,0.059,0.187,0.288,0.113,0.15,0.085,0.104,0.052,0.089,0.13,0.095,0.103,0.02,0.138,0.04,0.04,0.029,0.03,0.03,0.045,0.524,0.045,0.114,0.11,0.105,0.089,0.109,0.077,0.085,0.094,0.094,0.173,0.133,0.017,
0.033,0.036,0.01,0.008,0.002,0.03,0.036,0.018,0.0,0.015,0.026,0.064,0.053,0.042,0.038,0.247,0.358,0.098,0.052,0.159,0.048,0.021,0.029,0.041,0.019,0.035,0.064,0.059,0.082,0.113,0.036,0.041,0.051,0.055,0.258,0.18,0.176,0.099,0.095,0.116,0.094,0.081,0.105,0.35,0.132,0.094,0.094,0.126,
0.048,0.066,0.048,0.042,0.04,0.002,0.018,0.027,0.013,0.008,0.032,0.011,0.008,0.035,0.0,0.015,0.171,0.233,0.185,0.141,0.16,0.037,0.06,0.038,0.069,0.055,0.052,0.061,0.04,0.029,0.146,0.133,0.089,0.464,0.521,0.187,0.161,0.08,0.103,0.215,0.073,0.106,0.042,0.036,0.071,0.181,0.056,0.039,
0.021,0.023,0.019,0.017,0.028,0.008,0.021,0.029,0.004,0.021,0.028,0.003,0.019,0.141,0.285,0.012,0.118,0.07,0.005,0.025,0.047,0.142,0.054,0.036,0.029,0.019,0.036,0.035,0.042,0.373,0.709,0.2,0.043,0.13,0.12,0.184,0.166,0.099,0.13,0.251,0.097,0.136,0.043,0.056,0.063,0.044,0.039,0.012,
0.016,0.032,0.017,0.0,0.032,0.008,0.005,0.038,0.0,0.012,0.029,0.009,0.018,0.504,0.118,0.095,0.001,0.054,0.031,0.011,0.023,0.104,0.107,0.132,0.127,0.039,0.138,0.04,0.048,0.071,0.044,0.173,0.189,0.18,0.145,0.09,0.089,0.031,0.025,0.021,0.048,0.033,0.009,0.017,0.054,0.284,0.028,0.04,
0.02,0.0,0.027,0.038,0.036,0.036,0.036,0.017,0.0,0.016,0.004,0.0,0.019,0.038,0.036,0.123,0.537,0.159,0.093,0.027,0.06,0.194,0.035,0.02,0.15,0.304,0.079,0.069,0.059,0.121,0.341,0.152,0.135,0.251,0.193,0.079,0.033,0.2,0.179,0.166,0.259,0.042,0.088,0.014,0.018,0.008,0.031,0.002,
0.016,0.028,0.006,0.017,0.026,0.011,0.009,0.017,0.027,0.0,0.013,0.03,0.308,0.281,0.041,0.0,0.03,0.177,0.059,0.078,0.168,0.036,0.02,0.162,0.023,0.04,0.039,0.036,0.059,0.115,0.176,0.033,0.383,0.337,0.054,0.04,0.048,0.229,0.052,0.069,0.094,0.111,0.214,0.144,0.023,0.023,0.001,0.016,
0.001,0.0,0.018,0.0,0.025,0.021,0.0,0.013,0.03,0.01,0.017,0.019,0.011,0.04,0.474,0.189,0.082,0.081,0.073,0.05,0.144,0.04,0.022,0.063,0.438,0.402,0.117,0.037,0.034,0.073,0.075,0.216,0.252,0.257,0.175,0.16,0.121,0.014,0.052,0.044,0.059,0.086,0.201,0.103,0.1,0.096,0.112,0.075,
0.213,0.022,0.0,0.011,0.0,0.02,0.02,0.01,0.009,0.029,0.011,0.0,0.02,0.022,0.01,0.011,0.03,0.382,0.101,0.23,0.142,0.064,0.051,0.035,0.04,0.063,0.017,0.353,0.159,0.041,0.061,0.135,0.118,0.167,0.23,0.115,0.24,0.089,0.047,0.088,0.092,0.109,0.277,0.146,0.236,0.09,0.083,0.065,
0.099,0.036,0.005,0.014,0.03,0.015,0.0,0.026,0.016,0.014,0.006,0.038,0.006,0.012,0.007,0.038,0.009,0.008,0.229,0.33,0.124,0.02,0.039,0.059,0.049,0.263,0.106,0.045,0.033,0.087,0.198,0.233,0.09,0.069,0.356,0.258,0.103,0.026,0.064,0.097,0.229,0.272,0.031,0.043,0.003,0.014,0.032,0.011,
0.013,0.009,0.03,0.026,0.0,0.018,0.028,0.012,0.008,0.029,0.021,0.14,0.168,0.374,0.071,0.018,0.037,0.047,0.014,0.013,0.031,0.013,0.008,0.031,0.022,0.014,0.022,0.048,0.08,0.043,0.042,0.038,0.596,0.049,0.108,0.045,0.224,0.158,0.143,0.09,0.082,0.057,0.216,0.185,0.136,0.036,0.001,0.023,
0.031,0.02,0.0,0.023,0.028,0.01,0.014,0.0,0.034,0.018,0.002,0.02,0.012,0.539,0.073,0.204,0.024,0.043,0.028,0.038,0.168,0.001,0.098,0.086,0.04,0.044,0.064,0.074,0.072,0.679,0.068,0.133,0.208,0.145,0.125,0.184,0.035,0.155,0.185,0.131,0.093,0.113,0.118,0.018,0.061,0.125,0.026,0.003,
0.025,0.028,0.0,0.0,0.04,0.009,0.003,0.03,0.017,0.005,0.015,0.029,0.015,0.443,0.038,0.036,0.04,0.12,0.039,0.151,0.037,0.058,0.061,0.051,0.026,0.054,0.153,0.043,0.054,0.092,0.362,0.042,0.055,0.193,0.187,0.233,0.135,0.113,0.151,0.279,0.086,0.151,0.122,0.127,0.138,0.084,0.135,0.0,
0.04,0.037,0.035,0.014,0.0,0.006,0.04,0.036,0.035,0.001,0.0,0.021,0.038,0.392,0.022,0.0,0.0,0.136,0.188,0.061,0.064,0.023,0.006,0.024,0.042,0.008,0.0,0.038,0.038,0.04,0.037,0.037,0.022,0.12,0.085,0.157,0.083,0.101,0.018,0.078,0.103,0.098,0.099,0.091,0.295,0.168,0.132,0.013,
0.004,0.035,0.037,0.035,0.036,0.015,0.0,0.007,0.018,0.0,0.003,0.04,0.036,0.154,0.281,0.058,0.062,0.15,0.121,0.008,0.012,0.051,0.054,0.058,0.038,0.035,0.035,0.049,0.049,0.013,0.013,0.005,0.0,0.048,0.033,0.341,0.011,0.324,0.177,0.091,0.111,0.128,0.078,0.079,0.079,0.191,0.1,0.018,
0.0,0.018,0.0,0.026,0.037,0.011,0.014,0.0,0.029,0.038,0.075,0.04,0.039,0.037,0.015,0.0,0.024,0.037,0.001,0.275,0.377,0.19,0.054,0.041,0.04,0.014,0.08,0.071,0.418,0.516,0.309,0.199,0.122,1.1289999,0.53,0.152,0.233,0.073,0.067,0.087,0.093,0.39,0.119,0.136,0.065,0.063,0.093,0.208,
0.043,0.035,0.034,0.037,0.087,0.033,0.0,0.012,0.04,0.018,0.0,0.004,0.041,0.027,0.0,0.0,0.04,0.025,0.0,0.132,0.295,0.211,0.055,0.065,0.053,0.049,0.127,0.253,0.05,0.051,0.062,0.039,0.02,0.007,0.313,0.144,0.101,0.063,0.079,0.078,0.054,0.106,0.19,0.108,0.051,0.077,0.063,0.087,
0.168,0.168,0.039,0.0,0.007,0.04,0.014,0.0,0.028,0.038,0.037,0.036,0.036,0.035,0.008,0.0,0.011,0.04,0.036,0.132,0.119,0.341,0.106,0.198,0.084,0.067,0.076,0.017,0.0,0.013,0.04,0.049,0.048,0.037,0.073,0.27,0.173,0.153,0.097,0.129,0.163,0.249,0.292,0.059,0.054,0.049,0.042,0.038,0.013
0.0,0.008,0.042,0.037,0.019,0.006,0.002,0.041,0.038,0.03,0.0,0.0,0.031,0.567,0.039,0.004,0.0,0.017,0.046,0.055,0.054,0.093,0.024,0.123,0.076,0.103,0.13,0.131,0.109,0.022,0.454,0.239,0.039,0.039,0.065,0.056,0.304,0.132,0.237,0.114,0.141,0.169,0.049,0.058,0.099,0.18,0.026,0.004,
0.005,0.039,0.036,0.015,0.0,0.005,0.039,0.036,0.014,0.0,0.006,0.039,0.036,0.431,0.037,0.0,0.016,0.058,0.187,0.04,0.064,0.057,0.041,0.113,0.001,0.034,0.043,0.02,0.015,0.022,0.583,0.268,0.087,0.094,0.053,0.042,0.441,0.118,0.049,0.055,0.135,0.158,0.073,0.035,0.052,0.07,0.021,0.0,
0.002,0.041,0.04,0.037,0.036,0.035,0.035,0.008,0.0,0.013,0.039,0.226,0.109,0.358,0.001,0.0,0.023,0.035,0.036,0.141,0.0,0.029,0.035,0.031,0.032,0.031,0.05,0.038,0.042,0.0,0.007,0.209,0.036,0.175,0.039,0.082,0.07,0.067,0.065,0.109,0.089,0.111,0.204,0.17,0.122,0.062,0.139,0.12,
0.039,0.035,0.015,0.0,0.006,0.03,0.026,0.015,0.002,0.0,0.03,0.034,0.013,0.348,0.031,0.004,0.022,0.053,0.102,0.143,0.038,0.05,0.082,0.176,0.035,0.012,0.015,0.0,0.035,0.02,0.006,0.013,0.0,0.058,0.073,0.638,0.046,0.237,0.209,0.105,0.109,0.104,0.076,0.214,0.095,0.082,0.149,0.045,
0.038,0.022,0.027,0.0,0.0,0.033,0.04,0.036,0.035,0.015,0.0,0.005,0.039,0.037,0.035,0.013,0.115,0.429,0.083,0.062,0.082,0.086,0.078,0.055,0.023,0.034,0.193,0.056,0.059,0.035,0.488,0.576,0.16,0.06,0.501,0.862,0.075,0.063,0.21,0.038,0.073,0.079,0.072,0.332,0.237,0.079,0.094,0.1,
0.069,0.013,0.013,0.04,0.037,0.035,0.002,0.0,0.02,0.04,0.035,0.079,0.036,0.003,0.0,0.019,0.04,0.037,0.085,0.43,0.126,0.0,0.296,0.18,0.111,0.075,0.091,0.053,0.096,0.122,0.059,0.059,0.054,0.215,0.246,0.144,0.123,0.13,0.197,0.109,0.206,0.063,0.028,0.008,0.0,0.016,0.0,0.006,
0.011,0.03,0.013,0.076,0.037,0.039,0.013,0.007,0.031,0.0,0.022,0.15,0.307,0.129,0.03,0.016,0.0,0.168,0.006,0.002,0.038,0.001,0.007,0.036,0.0,0.028,0.031,0.069,0.191,0.038,0.036,0.037,0.035,0.037,0.047,0.094,0.007,0.013,0.214,0.08,0.159,0.258,0.052,0.076,0.051,0.033,0.003,0.009,
0.01,0.001,0.028,0.03,0.003,0.011,0.016,0.035,0.008,0.009,0.02,0.022,0.157,0.418,0.036,0.015,0.018,0.044,0.045,0.01,0.005,0.03,0.1,0.093,0.107,0.071,0.007,0.021,0.033,0.026,0.039,0.227,0.81,0.014,0.028,0.152,0.358,0.185,0.092,0.068,0.081,0.149,0.111,0.157,0.098,0.135,0.023,0.039,
0.008,0.016,0.065,0.044,0.039,0.012,0.03,0.011,0.023,0.013,0.013,0.016,0.009,0.028,0.006,0.02,0.343,0.201,0.08,0.191,0.047,0.082,0.067,0.13,0.046,0.024,0.102,0.029,0.015,0.057,0.155,1.178,0.176,0.089,0.069,0.063,0.124,0.153,0.166,0.127,0.083,0.331,0.224,0.094,0.107,0.072,0.064,0.074,
0.051,0.043,0.039,0.019,0.02,0.019,0.018,0.024,0.019,0.005,0.021,0.026,0.105,0.281,0.027,0.011,0.022,0.183,0.062,0.037,0.039,0.035,0.046,0.053,0.054,0.042,0.114,0.038,0.038,0.036,0.035,0.315,0.172,0.006,0.038,0.091,0.051,0.043,0.087,0.102,0.129,0.138,0.259,0.177,0.091,0.057,0.023,0.113,
0.037,0.001,0.0,0.023,0.04,0.036,0.036,0.017,0.0,0.026,0.0,0.0,0.025,0.039,0.036,0.035,0.219,0.229,0.041,0.086,0.159,0.051,0.051,0.083,0.138,0.314,0.089,0.016,0.036,0.071,0.084,0.071,0.278,0.105,0.185,0.11,0.111,0.099,0.115,0.119,0.104,0.088,0.089,0.169,0.053,0.05,0.077,0.103,
0.262,0.045,0.032,0.0,0.0,0.024,0.039,0.035,0.036,0.097,0.023,0.0,0.0,0.028,0.04,0.038,0.036,0.035,0.158,0.376,0.101,0.039,0.066,0.179,0.037,0.025,0.04,0.582,0.133,0.591,0.02,0.163,0.086,0.062,0.181,0.086,0.073,0.084,0.094,0.232,0.3,0.105,0.128,0.048,0.133,0.05,0.079,0.091,
0.094,0.039,0.012,0.013,0.0,0.013,0.037,0.028,0.0,0.012,0.0,0.023,0.037,0.083,0.04,0.04,0.038,0.022,0.16,0.294,0.188,0.025,0.037,0.017,0.168,0.182,0.08,0.036,0.029,0.104,0.024,0.02,0.023,0.216,0.065,0.094,0.076,0.1,0.159,0.069,0.102,0.272,0.028,0.011,0.019,0.037,0.004,0.023,
0.036,0.036,0.036,0.035,0.035,0.035,0.098,0.03,0.012,0.0,0.011,0.039,0.161,0.448,0.158,0.079,0.035,0.01,0.006,0.0,0.017,0.038,0.193,0.031,0.0,0.0,0.017,0.0,0.0,0.036,0.035,0.035,0.19,0.0,0.176,0.2,0.156,0.07,0.159,0.217,0.095,0.094,0.101,0.208,0.05,0.041,0.037,0.061,
0.06,0.019,0.0,0.004,0.042,0.042,0.038,0.036,0.036,0.006,0.0,0.016,0.04,0.607,0.047,0.038,0.0,0.034,0.06,0.057,0.039,0.02,0.056,0.144,0.119,0.092,0.001,0.0,0.037,0.201,0.016,0.749,0.071,0.039,0.036,0.048,0.293,0.29,0.107,0.154,0.082,0.21,0.096,0.07,0.053,0.167,0.013,0.025,
0.039,0.036,0.036,0.035,0.035,0.035,0.021,0.0,0.0,0.035,0.038,0.035,0.035,0.004,0.0,0.145,0.285,0.103,0.205,0.009,0.013,0.065,0.049,0.034,0.04,0.166,0.079,0.051,0.091,0.06,0.082,0.16,0.664,0.307,0.059,0.023,0.063,0.082,0.111,0.316,0.256,0.166,0.101,0.206,0.071,0.042,0.036,0.038,
0.0,0.029,0.036,0.035,0.004,0.0,0.016,0.037,0.034,0.006,0.0,0.015,0.151,0.301,0.003,0.0,0.16,0.064,0.136,0.078,0.022,0.0,0.0,0.055,0.037,0.036,0.035,0.049,0.136,0.028,0.049,0.05,0.039,0.029,0.271,0.062,0.122,0.043,0.028,0.02,0.042,0.045,0.042,0.017,0.271,0.104,0.084,0.081,
0.059,0.143,0.028,0.036,0.025,0.0,0.0,0.03,0.035,0.014,0.0,0.006,0.036,0.035,0.102,0.024,0.15,0.502,0.088,0.039,0.029,0.076,0.053,0.052,0.05,0.463,0.031,0.0,0.001,0.07,0.08,0.364,0.478,0.167,0.185,0.049,0.218,0.049,0.047,0.167,0.046,0.029,0.031,0.096,0.159,0.08,0.066,0.074,
0.094,0.192,0.045,0.037,0.034,0.033,0.066,0.062,0.035,0.0,0.0,0.019,0.0,0.0,0.04,0.037,0.035,0.035,0.035,0.013,0.4,0.255,0.098,0.041,0.161,0.011,0.014,0.033,0.165,0.072,0.052,0.088,0.233,0.106,0.123,0.162,0.054,0.096,0.095,0.363,0.22,0.11,0.107,0.061,0.051,0.071,0.054,0.049,
0.088,0.04,0.014,0.011,0.037,0.036,0.035,0.035,0.034,0.035,0.099,0.031,0.019,0.0,0.003,0.04,0.036,0.036,0.034,0.237,0.315,0.138,0.099,0.15,0.144,0.472,0.201,0.121,0.112,0.109,0.114,0.031,0.131,0.041,0.188,0.068,0.089,0.135,0.231,0.095,0.206,0.059,0.056,0.086,0.062,0.046,0.041,0.038,
0.001,0.0,0.025,0.041,0.038,0.04,0.035,0.0,0.0,0.023,0.039,0.278,0.305,0.043,0.008,0.039,0.053,0.241,0.125,0.031,0.049,0.057,0.045,0.005,0.132,0.015,0.037,0.029,0.0,0.022,0.029,0.055,0.227,0.096,0.015,0.008,0.035,0.062,0.33,0.11,0.155,0.183,0.186,0.059,0.087,0.085,0.069,0.06,
0.134,0.049,0.036,0.015,0.0,0.005,0.038,0.034,0.001,0.0,0.02,0.034,0.116,0.26,0.02,0.032,0.0,0.0,0.128,0.043,0.115,0.023,0.057,0.096,0.0,0.0,0.027,0.026,0.072,0.01,0.051,0.073,0.079,0.284,0.066,0.001,0.293,0.265,0.129,0.065,0.013,0.012,0.037,0.24,0.026,0.009,0.004,0.036,
0.027,0.0,0.0,0.028,0.033,0.0,0.0,0.023,0.036,0.0,0.0,0.02,0.035,0.003,0.0,0.353,0.395,0.184,0.023,0.035,0.052,0.03,0.043,0.058,0.077,0.139,0.02,0.088,0.097,0.063,0.038,0.178,1.174,0.189,0.129,0.065,0.049,0.102,0.107,0.445,0.112,0.054,0.114,0.063,0.049,0.207,0.038,0.035,
0.034,0.0,0.0,0.024,0.037,0.039,0.003,0.0,0.018,0.038,0.02,0.0,0.144,0.294,0.091,0.263,0.0,0.018,0.052,0.039,0.026,0.022,0.037,0.032,0.01,0.085,0.133,0.089,0.038,0.0,0.002,0.037,0.034,0.096,0.023,0.016,0.126,0.08,0.05,0.1,0.104,0.078,0.078,0.26,0.087,0.086,0.092,0.105,
0.143,0.012,0.037,0.035,0.002,0.0,0.018,0.035,0.017,0.001,0.004,0.036,0.027,0.0,0.0,0.174,0.572,0.13,0.107,0.069,0.072,0.067,0.034,0.012,0.209,0.155,0.057,0.035,0.042,0.077,0.07,0.066,0.507,0.232,0.034,0.018,0.126,0.08,0.065,0.2,0.1,0.1,0.092,0.091,0.091,0.092,0.071,0.065,
0.267,0.046,0.035,0.009,0.0,0.01,0.036,0.035,0.01,0.0,0.009,0.036,0.034,0.004,0.0,0.016,0.035,0.163,0.374,0.089,0.178,0.034,0.023,0.126,0.008,0.762,0.718,0.081,0.067,0.215,0.411,0.217,0.124,0.078,0.07,0.034,0.025,0.084,0.158,0.206,0.246,0.07,0.086,0.176,0.083,0.092,0.084,0.098,
0.089,0.12,0.035,0.024,0.008,0.01,0.0,0.011,0.0,0.012,0.0,0.012,0.0,0.013,0.0,0.013,0.0,0.003,0.011,0.159,0.47,0.181,0.079,0.151,0.077,0.038,0.028,0.408,0.194,0.072,0.039,0.046,0.037,0.008,0.284,0.042,0.04,0.071,0.12,0.155,0.041,0.165,0.1,0.099,0.063,0.081,0.155,0.046,
0.026,0.01,0.0,0.011,0.032,0.027,0.009,0.0,0.011,0.0,0.024,0.036,0.084,0.537,0.02,0.0,0.129,0.116,0.036,0.022,0.036,0.168,0.035,0.035,0.042,0.036,0.033,0.068,0.055,0.691,0.209,0.011,0.128,0.01,0.003,0.013,0.132,0.073,0.157,0.072,0.297,0.124,0.194,0.025,0.0,0.026,0.04,0.019,
0.0,0.01,0.04,0.035,0.001,0.037,0.036,0.035,0.035,0.034,0.034,0.184,0.333,0.285,0.032,0.0,0.014,0.196,0.034,0.033,0.094,0.022,0.0,0.159,0.128,0.04,0.035,0.035,0.034,0.034,0.034,0.548,0.632,0.063,0.197,0.091,0.063,0.053,0.258,0.164,0.085,0.086,0.086,0.082,0.409,0.172,0.058,0.046,
0.038,0.038,0.023,0.0,0.0,0.034,0.038,0.053,0.06,0.017,0.0,0.004,0.041,0.037,0.036,0.035,0.16,0.389,0.084,0.05,0.057,0.056,0.156,0.057,0.043,0.033,0.098,0.192,0.091,0.11,0.673,0.774,0.095,0.113,0.083,0.019,0.031,0.094,0.121,0.396,0.052,0.109,0.122,0.07,0.052,0.011,0.0,0.01,
0.041,0.041,0.04,0.036,0.035,0.031,0.0,0.0,0.025,0.038,0.035,0.003,0.0,0.142,0.356,0.099,0.035,0.018,0.0,0.001,0.043,0.057,0.049,0.024,0.004,0.028,0.036,0.136,0.014,0.002,0.019,0.051,0.344,0.421,0.096,0.029,0.076,0.089,0.168,0.084,0.211,0.202,0.085,0.072,0.078,0.083,0.062,0.04,0.155
0.013,0.029,0.036,0.021,0.0,0.0,0.035,0.035,0.004,0.0,0.018,0.036,0.024,0.0,0.0,0.165,0.313,0.144,0.215,0.141,0.053,0.474,0.645,0.121,0.097,0.265,0.073,0.185,0.076,0.068,0.19,0.026,0.147,0.083,0.035,0.102,0.094,0.148,0.184,0.104,0.081,0.072,0.096,0.269,0.013,0.026,0.039,0.036,
0.036,0.016,0.0,0.002,0.039,0.037,0.003,0.0,0.018,0.037,0.017,0.0,0.168,0.152,0.284,0.194,0.044,0.105,0.094,0.044,0.023,0.02,0.054,0.053,0.036,0.067,0.188,0.057,0.058,0.055,0.53,0.249,0.156,0.107,0.049,0.087,0.266,0.173,0.061,0.099,0.087,0.116,0.101,0.053,0.052,0.092,0.181,0.018,
0.0,0.003,0.039,0.031,0.0,0.0,0.027,0.037,0.008,0.0,0.013,0.037,0.034,0.001,0.0,0.021,0.037,0.02,0.239,0.244,0.093,0.073,0.309,0.199,0.333,0.114,0.153,0.135,0.124,0.186,0.176,0.165,0.074,0.029,0.042,0.181,0.214,0.094,0.087,0.192,0.189,0.056,0.043,0.035,0.035,0.034,0.034,0.034,
0.033,0.034,0.009,0.0,0.011,0.038,0.035,0.034,0.049,0.065,0.022,0.155,0.379,0.081,0.038,0.036,0.035,0.2,0.034,0.236,0.221,0.261,0.433,0.245,0.195,0.071,0.039,0.0,0.0,0.035,0.035,0.195,0.103,0.033,0.166,0.039,0.039,0.193,0.114,0.127,0.191,0.052,0.038,0.034,0.089,0.023,0.0,0.0,
0.029,0.038,0.036,0.035,0.034,0.034,0.015,0.0,0.005,0.038,0.035,0.034,0.015,0.288,0.109,0.057,0.282,0.096,0.061,0.056,0.024,0.021,0.042,0.072,0.069,0.151,0.092,0.117,0.398,0.053,0.128,0.068,0.027,0.179,0.023,0.241,0.121,0.084,0.098,0.138,0.287,0.018,0.006,0.022,0.035,0.034,0.023,0.0,
0.0,0.032,0.034,0.034,0.008,0.0,0.012,0.035,0.034,0.021,0.0,0.0,0.171,0.462,0.093,0.005,0.003,0.039,0.047,0.038,0.046,0.04,0.092,0.114,0.071,0.083,0.093,0.081,0.038,0.222,0.23,0.122,0.194,0.041,0.016,0.007,0.016,0.262,0.376,0.153,0.092,0.085,0.091,0.256,0.113,0.109,0.101,0.043,
0.0,0.0,0.022,0.037,0.034,0.036,0.085,0.022,0.0,0.0,0.033,0.038,0.162,0.3,0.035,0.035,0.03,0.0,0.055,0.251,0.036,0.06,0.042,0.031,0.052,0.071,0.146,0.025,0.0,0.0,0.444,0.035,0.033,0.002,0.0,0.038,0.113,0.095,0.113,0.099,0.075,0.218,0.152,0.081,0.084,0.163,0.225,0.158,
0.02,0.026,0.038,0.035,0.035,0.034,0.013,0.0,0.006,0.038,0.035,0.034,0.013,0.0,0.006,0.177,0.297,0.077,0.022,0.136,0.168,0.078,0.057,0.045,0.044,0.127,0.012,0.012,0.036,0.158,0.049,0.049,0.05,0.049,0.047,0.241,0.211,0.175,0.101,0.07,0.076,0.086,0.073,0.06,0.073,0.069,0.3,0.044,
0.028,0.038,0.028,0.007,0.009,0.0,0.021,0.037,0.017,0.0,0.009,0.0,0.023,0.037,0.018,0.0,0.009,0.153,0.395,0.356,0.025,0.007,0.386,0.392,0.457,0.65,0.351,0.142,0.095,0.086,0.074,0.097,0.191,0.284,0.044,0.089,0.083,0.134,0.144,0.16,0.132,0.059,0.054,0.244,0.248,0.132,0.098,0.107,
0.03,0.0,0.027,0.031,0.011,0.008,0.013,0.037,0.001,0.012,0.004,0.037,0.012,0.012,0.0,0.014,0.037,0.013,0.232,0.304,0.265,0.062,0.026,0.041,0.082,0.138,0.11,0.016,0.019,0.062,0.038,0.036,0.055,0.257,0.128,0.046,0.801,0.34,0.132,0.262,0.101,0.091,0.025,0.001,0.0,0.027,0.025,0.025,
0.024,0.026,0.024,0.024,0.024,0.024,0.024,0.024,0.021,0.023,0.024,0.196,0.438,0.154,0.059,0.043,0.041,0.04,0.039,0.036,0.036,0.038,0.169,0.098,0.058,0.052,0.027,0.173,0.034,0.034,0.033,0.007,0.037,0.628,0.057,0.048,0.112,0.264,0.298,0.144,0.098,0.168,0.029,0.023,0.043,0.041,0.04,0.039,
0.039,0.038,0.007,0.007,0.026,0.041,0.04,0.027,0.006,0.007,0.039,0.039,0.036,0.284,0.137,0.339,0.047,0.034,0.01,0.0,0.01,0.035,0.034,0.017,0.0,0.137,0.037,0.034,0.058,0.075,0.176,0.062,0.197,0.15,0.015,0.106,0.113,0.121,0.095,0.174,0.178,0.078,0.153,0.024,0.044,0.034,0.029,0.0,
0.009,0.002,0.0,0.019,0.036,0.035,0.034,0.008,0.011,0.0,0.0,0.027,0.035,0.035,0.203,0.134,0.111,0.354,0.02,0.024,0.136,0.018,0.027,0.012,0.266,0.068,0.065,0.084,0.067,0.061,0.855,0.107,0.066,0.063,0.068,0.084,0.078,0.074,0.387,0.139,0.079,0.146,0.086,0.083,0.063,0.066,0.062,0.06,
0.093,0.022,0.012,0.007,0.006,0.006,0.039,0.018,0.005,0.002,0.007,0.008,0.174,0.566,0.015,0.0,0.009,0.04,0.222,0.167,0.038,0.065,0.034,0.035,0.042,0.067,0.186,0.053,0.06,0.052,0.023,0.148,0.624,0.039,0.035,0.098,0.087,0.273,0.113,0.115,0.171,0.223,0.115,0.182,0.077,0.075,0.082,0.109,
0.2,0.043,0.04,0.009,0.0,0.021,0.0,0.0,0.039,0.036,0.036,0.035,0.034,0.035,0.152,0.274,0.024,0.038,0.036,0.201,0.158,0.005,0.031,0.061,0.038,0.045,0.158,0.057,0.076,0.002,0.0,0.568,0.007,0.0,0.024,0.055,0.107,0.065,0.065,0.085,0.191,0.299,0.114,0.075,0.057,0.073,0.098,0.195,
0.167,0.01,0.0,0.024,0.035,0.014,0.0,0.006,0.037,0.021,0.0,0.0,0.034,0.024,0.0,0.0,0.032,0.026,0.0,0.165,0.535,0.059,0.066,0.038,0.067,0.238,0.144,0.65,0.706,0.577,0.076,0.212,0.12,0.075,0.246,0.14,0.198,0.084,0.064,0.067,0.09,0.093,0.088,0.077,0.078,0.066,0.054,0.077,
0.272,0.035,0.034,0.01,0.0,0.009,0.037,0.035,0.024,0.0,0.0,0.028,0.033,0.004,0.0,0.016,0.036,0.034,0.009,0.334,0.512,0.176,0.095,0.018,0.046,0.144,0.213,0.069,0.209,0.086,0.059,0.039,0.045,0.272,0.266,0.069,0.108,0.127,0.084,0.156,0.2,0.162,0.049,0.014,0.0,0.006,0.038,0.037,
0.034,0.034,0.012,0.0,0.006,0.034,0.034,0.002,0.0,0.018,0.037,0.193,0.166,0.426,0.038,0.02,0.053,0.075,0.046,0.006,0.144,0.022,0.026,0.026,0.024,0.025,0.025,0.024,0.043,0.117,0.027,0.033,0.058,0.18,0.029,0.223,0.136,0.293,0.122,0.107,0.292,0.047,0.056,0.042,0.023,0.056,0.056,0.04,
0.037,0.016,0.038,0.036,0.035,0.034,0.034,0.01,0.0,0.008,0.036,0.035,0.247,0.544,0.103,0.043,0.069,0.0,0.153,0.028,0.067,0.106,0.071,0.0,0.01,0.034,0.026,0.0,0.005,0.052,0.056,0.016,0.332,0.364,0.174,0.079,0.138,0.356,0.116,0.075,0.108,0.065,0.046,0.042,0.188,0.061,0.075,0.185,
0.037,0.055,0.0,0.027,0.034,0.001,0.0,0.02,0.035,0.002,0.0,0.018,0.034,0.472,0.125,0.017,0.16,0.033,0.05,0.204,0.095,0.124,0.037,0.042,0.23,0.119,0.052,0.038,0.071,0.803,0.571,0.224,0.092,0.059,0.06,0.172,0.302,0.269,0.179,0.126,0.128,0.043,0.134,0.051,0.19,0.094,0.089,0.091,
0.001,0.03,0.036,0.008,0.0,0.013,0.037,0.01,0.0,0.01,0.037,0.009,0.151,0.289,0.039,0.016,0.0,0.063,0.211,0.119,0.0,0.028,0.033,0.023,0.0,0.013,0.232,0.067,0.034,0.006,0.029,0.197,0.275,0.177,0.025,0.063,0.079,0.017,0.083,0.102,0.153,0.074,0.225,0.097,0.091,0.103,0.136,0.157,
0.079,0.0,0.0,0.029,0.027,0.0,0.0,0.029,0.027,0.0,0.0,0.028,0.026,0.0,0.0,0.028,0.439,0.041,0.072,0.459,0.06,0.046,0.016,0.106,0.061,0.136,0.049,0.022,0.037,0.023,0.0,0.081,0.033,0.027,0.008,0.008,0.088,0.219,0.055,0.085,0.101,0.111,0.173,0.1,0.207,0.121,0.075,0.1,
0.045,0.043,0.01,0.0,0.012,0.04,0.019,0.0,0.001,0.039,0.019,0.0,0.005,0.038,0.021,0.0,0.0,0.04,0.021,0.139,0.405,0.087,0.215,0.08,0.032,0.137,0.081,0.586,0.697,0.345,0.167,0.086,0.053,0.037,0.069,0.117,0.386,0.066,0.087,0.097,0.091,0.231,0.095,0.061,0.06,0.089,0.1,0.098,
0.179,0.039,0.002,0.006,0.009,0.001,0.0,0.01,0.0,0.011,0.0,0.0,0.024,0.036,0.036,0.034,0.027,0.0,0.007,0.315,0.337,0.067,0.006,0.045,0.038,0.12,0.051,0.019,0.037,0.031,0.029,0.066,0.035,0.059,0.689,0.103,0.075,0.105,0.088,0.122,0.085,0.298,0.021,0.045,0.015,0.034,0.011,0.001,
0.001,0.038,0.018,0.0,0.037,0.036,0.034,0.035,0.034,0.034,0.034,0.063,0.5,0.196,0.045,0.024,0.003,0.047,0.039,0.036,0.034,0.035,0.234,0.046,0.02,0.008,0.067,0.069,0.034,0.019,0.0,0.0,0.846,0.099,0.035,0.075,0.095,0.015,0.118,0.242,0.104,0.345,0.016,0.058,0.035,0.049,0.073,0.018,
0.0,0.0,0.027,0.025,0.025,0.024,0.024,0.024,0.024,0.024,0.024,0.024,0.163,0.415,0.085,0.029,0.031,0.024,0.086,0.033,0.042,0.039,0.012,0.007,0.039,0.037,0.036,0.192,0.063,0.055,0.051,0.018,0.003,0.297,0.131,0.052,0.125,0.272,0.106,0.097,0.07,0.186,0.263,0.037,0.033,0.0,0.03,0.035,
0.02,0.0,0.0,0.037,0.036,0.073,0.049,0.011,0.0,0.012,0.039,0.037,0.036,0.035,0.445,0.382,0.047,0.024,0.057,0.068,0.034,0.001,0.0,0.02,0.035,0.019,0.094,0.062,0.081,0.058,0.506,0.693,0.064,0.116,0.073,0.07,0.047,0.226,0.262,0.083,0.081,0.025,0.076,0.034,0.042,0.193,0.065,0.016,
0.0,0.001,0.028,0.025,0.025,0.024,0.024,0.024,0.024,0.024,0.023,0.024,0.172,0.28,0.027,0.024,0.088,0.127,0.199,0.049,0.027,0.173,0.103,0.082,0.082,0.054,0.727,0.191,0.023,0.006,0.023,0.011,0.336,0.187,0.037,0.083,0.077,0.04,0.057,0.167,0.055,0.052,0.318,0.085,0.086,0.063,0.079,0.333,
0.047,0.036,0.019,0.0,0.019,0.0,0.0,0.026,0.035,0.035,0.055,0.065,0.022,0.0,0.024,0.0,0.144,0.299,0.253,0.164,0.094,0.07,0.027,0.055,0.036,0.059,0.049,0.027,0.018,0.07,0.054,0.268,0.541,0.015,0.067,0.039,0.036,0.025,0.0,0.0,0.032,0.036,0.02,0.0,0.0,0.036,0.036,0.005,
0.0,0.015,0.036,0.022,0.0,0.0,0.034,0.035,0.096,0.024,0.0,0.0,0.025,0.038,0.036,0.035,0.032,0.0,0.0,0.024,0.037,0.022,0.0,0.0,0.034,0.035,0.001,0.0,0.02,0.036,0.01,0.0,0.01,0.036,0.02,0.0,0.0,0.036,0.032,0.0,0.0,0.024,0.036,0.007,0.0,0.013,0.036,0.018,
0.0,0.0,0.0,0.038,0.03,0.001,0.0,0.025,0.035,0.087,0.033,0.0,0.0,0.021,0.038,0.036,0.035,0.035,0.006,0.0,0.014,0.036,0.028,0.0,0.0,0.027,0.036,0.005,0.0,0.015,0.036,0.014,0.0,0.005,0.036,0.022,0.0,0.131,0.195,0.233,0.147,0.099,0.062,0.23,0.077,0.266,0.272,0.191,0.033
0.033,0.035,0.092,0.022,0.0,0.0,0.029,0.036,0.035,0.034,0.034,0.033,0.019,0.0,0.044,0.371,0.04,0.295,0.176,0.028,0.039,0.085,0.04,0.034,0.029,0.001,0.0,0.117,0.035,0.035,0.034,0.086,0.588,0.192,0.648,0.157,0.143,0.072,0.147,0.076,0.185,0.019,0.118,0.129,0.087,0.251,0.089,0.138,
0.228,0.034,0.078,0.023,0.024,0.023,0.019,0.082,0.033,0.027,0.025,0.025,0.024,0.024,0.024,0.063,0.477,0.042,0.225,0.158,0.036,0.024,0.025,0.024,0.038,0.068,0.031,0.141,0.025,0.025,0.025,0.024,0.682,0.257,0.047,0.065,0.067,0.084,0.094,0.092,0.088,0.091,0.152,0.431,0.171,0.242,0.098,0.215,
0.035,0.091,0.036,0.07,0.031,0.027,0.026,0.025,0.026,0.024,0.025,0.059,0.046,0.029,0.027,0.025,0.168,0.389,0.119,0.102,0.086,0.023,0.049,0.048,0.047,0.04,0.105,0.086,0.121,0.162,0.032,0.189,0.843,0.327,0.251,0.072,0.043,0.069,0.056,0.344,0.045,0.085,0.088,0.08,0.448,0.093,0.241,0.086,
0.095,0.09,0.198,0.046,0.026,0.025,0.035,0.066,0.033,0.027,0.026,0.026,0.025,0.024,0.025,0.063,0.044,0.161,0.416,0.073,0.223,0.09,0.053,0.051,0.121,0.16,0.053,0.049,0.09,0.046,0.062,0.051,0.046,0.075,0.891,0.262,0.113,0.298,0.184,0.184,0.234,0.239,0.221,0.132,0.136,0.161,0.387,0.162,
0.216,0.14,0.109,0.079,0.078,0.065,0.055,0.08,0.078,0.077,0.077,0.076,0.076,0.076,0.076,0.075,0.075,0.153,0.238,0.181,0.461,0.21,0.092,0.095,0.093,0.039,0.064,0.234,0.155,0.088,0.102,0.089,0.087,0.056,0.05,0.05,0.481,0.359,0.181,0.112,0.134,0.143,0.139,0.114,0.106,0.11,0.275,0.147,
0.117,0.229,0.25,0.091,0.078,0.058,0.086,0.055,0.051,0.064,0.083,0.05,0.05,0.071,0.074,0.05,0.049,0.068,0.051,0.051,0.443,0.242,0.247,0.075,0.047,0.201,0.19,0.204,0.329,0.659,0.311,0.53,0.077,0.09,0.072,0.109,0.138,0.404,0.151,0.062,0.061,0.095,0.078,0.188,0.089,0.094,0.083,0.082,
0.086,0.174,0.07,0.024,0.023,0.019,0.023,0.024,0.023,0.024,0.081,0.026,0.026,0.025,0.024,0.024,0.024,0.024,0.043,0.079,0.461,0.133,0.204,0.146,0.232,0.033,0.133,0.061,0.061,0.064,0.153,0.033,0.035,0.037,0.042,0.22,0.12,0.082,0.094,0.12,0.068,0.242,0.224,0.018,0.07,0.032,0.034,0.033,
0.042,0.062,0.017,0.023,0.0,0.0,0.027,0.036,0.034,0.034,0.034,0.022,0.0,0.0,0.608,0.067,0.031,0.059,0.0,0.027,0.038,0.037,0.225,0.0,0.033,0.034,0.011,0.008,0.017,0.038,0.077,0.017,0.013,0.315,0.638,0.203,0.167,0.224,0.19,0.116,0.092,0.202,0.137,0.287,0.091,0.097,0.0,0.0,
0.028,0.036,0.034,0.034,0.031,0.0,0.0,0.023,0.034,0.029,0.0,0.0,0.025,0.034,0.146,0.42,0.175,0.176,0.058,0.001,0.023,0.073,0.035,0.013,0.139,0.007,0.035,0.022,0.0,0.0,0.033,0.377,0.298,0.004,0.052,0.034,0.022,0.341,0.206,0.269,0.155,0.09,0.017,0.02,0.028,0.206,0.064,0.06,
0.027,0.023,0.023,0.024,0.023,0.023,0.023,0.023,0.018,0.024,0.023,0.023,0.023,0.308,0.269,0.2,0.03,0.153,0.041,0.029,0.079,0.022,0.025,0.025,0.024,0.024,0.023,0.024,0.023,0.023,0.024,0.077,0.268,0.089,0.035,0.027,0.026,0.023,0.023,0.301,0.256,0.198,0.103,0.368,0.169,0.098,0.024,0.024,
0.023,0.043,0.069,0.042,0.024,0.022,0.001,0.022,0.0,0.021,0.0,0.017,0.005,0.17,0.252,0.085,0.029,0.264,0.012,0.075,0.033,0.017,0.154,0.06,0.066,0.073,0.062,0.155,0.047,0.292,0.136,0.111,0.064,0.027,0.377,0.621,0.184,0.064,0.089,0.074,0.098,0.075,0.349,0.101,0.059,0.125,0.011,0.002,
0.025,0.036,0.075,0.022,0.0,0.006,0.019,0.006,0.004,0.039,0.037,0.036,0.031,0.207,0.158,0.13,0.037,0.321,0.089,0.077,0.03,0.131,0.079,0.035,0.026,0.041,0.268,0.137,0.069,0.073,0.099,0.048,0.026,0.196,0.114,0.577,0.36,0.079,0.108,0.143,0.112,0.073,0.05,0.137,0.076,0.095,0.086,0.081,
0.067,0.093,0.249,0.082,0.094,0.0,0.0,0.037,0.036,0.035,0.014,0.0,0.004,0.037,0.034,0.001,0.0,0.019,0.035,0.014,0.127,0.458,0.182,0.069,0.103,0.026,0.045,0.239,0.012,0.02,0.073,0.414,0.788,0.111,0.075,0.101,0.1,0.279,0.341,0.083,0.065,0.09,0.152,0.244,0.066,0.083,0.096,0.082,
0.058,0.143,0.083,0.024,0.0,0.0,0.029,0.052,0.057,0.015,0.0,0.006,0.037,0.035,0.026,0.0,0.0,0.028,0.033,0.499,0.221,0.136,0.097,0.011,0.0,0.009,0.037,0.104,0.141,0.09,0.07,0.23,0.107,0.082,0.064,0.041,0.169,0.062,0.227,0.042,0.102,0.095,0.233,0.256,0.052,0.116,0.011,0.0,
0.009,0.036,0.034,0.001,0.0,0.02,0.034,0.015,0.0,0.005,0.035,0.064,0.047,0.007,0.13,0.503,0.125,0.067,0.024,0.066,0.049,0.055,0.043,0.057,0.028,0.028,0.024,0.019,0.402,0.024,0.029,0.048,0.045,0.365,0.029,0.237,0.046,0.063,0.096,0.138,0.327,0.384,0.144,0.283,0.089,0.106,0.104,0.023,
0.024,0.023,0.024,0.024,0.018,0.024,0.023,0.024,0.023,0.079,0.048,0.03,0.013,0.013,0.177,0.425,0.107,0.118,0.0,0.024,0.001,0.0,0.024,0.036,0.036,0.035,0.034,0.034,0.034,0.188,0.003,0.01,0.008,0.0,0.675,0.044,0.215,0.111,0.078,0.081,0.042,0.31,0.116,0.25,0.068,0.087,0.012,0.018,
0.036,0.006,0.0,0.017,0.036,0.003,0.0,0.023,0.04,0.068,0.023,0.0,0.0,0.306,0.242,0.1,0.023,0.117,0.205,0.249,0.058,0.054,0.021,0.04,0.011,0.007,0.055,0.145,0.109,0.052,0.103,0.037,0.007,0.038,0.413,0.082,0.057,0.17,0.106,0.318,0.083,0.065,0.449,0.108,0.127,0.055,0.039,0.008,
0.007,0.029,0.028,0.008,0.007,0.037,0.023,0.007,0.012,0.041,0.011,0.008,0.022,0.034,0.573,0.055,0.075,0.049,0.068,0.024,0.007,0.047,0.063,0.04,0.067,0.034,0.018,0.03,0.055,0.019,0.117,0.016,0.04,0.014,0.068,0.204,0.042,0.207,0.013,0.083,0.107,0.096,0.082,0.292,0.244,0.176,0.052,0.037,
0.038,0.011,0.012,0.036,0.025,0.0,0.0,0.037,0.014,0.0,0.007,0.036,0.004,0.003,0.303,0.182,0.07,0.178,0.216,0.103,0.014,0.068,0.083,0.071,0.021,0.02,0.05,0.317,0.233,0.021,0.045,0.065,0.057,0.047,0.034,0.577,0.267,0.117,0.115,0.097,0.076,0.098,0.078,0.17,0.059,0.216,0.104,0.103,
0.016,0.028,0.0,0.0,0.026,0.012,0.0,0.007,0.032,0.001,0.0,0.023,0.015,0.0,0.005,0.029,0.565,0.16,0.251,0.014,0.0,0.005,0.141,0.021,0.054,0.146,0.152,0.082,0.015,0.081,0.573,0.71,0.507,0.253,0.124,0.099,0.142,0.303,0.187,0.126,0.083,0.056,0.05,0.083,0.078,0.078,0.049,0.051,
0.101,0.212,0.078,0.0,0.011,0.035,0.003,0.0,0.017,0.031,0.0,0.0,0.023,0.021,0.0,0.0,0.034,0.009,0.0,0.009,0.296,0.371,0.286,0.061,0.069,0.061,0.062,0.218,0.079,0.176,0.045,0.047,0.04,0.314,0.123,0.054,0.23,0.11,0.105,0.127,0.067,0.065,0.087,0.277,0.046,0.14,0.065,0.021,
0.0,0.0,0.039,0.035,0.017,0.0,0.003,0.036,0.006,0.0,0.015,0.025,0.0,0.0,0.194,0.364,0.063,0.112,0.025,0.007,0.007,0.0,0.017,0.036,0.02,0.0,0.0,0.034,0.011,0.0,0.009,0.033,0.0,0.0,0.023,0.017,0.172,0.851,0.136,0.111,0.08,0.069,0.197,0.264,0.079,0.12,0.003,0.0,
0.011,0.0,0.0,0.026,0.035,0.023,0.0,0.0,0.076,0.028,0.001,0.0,0.022,0.036,0.037,0.201,0.333,0.11,0.229,0.052,0.104,0.063,0.043,0.074,0.065,0.087,0.046,0.343,0.16,0.047,0.03,0.026,0.037,0.347,0.034,0.128,0.236,0.23,0.161,0.245,0.061,0.13,0.115,0.359,0.025,0.124,0.02,0.004,
0.011,0.032,0.001,0.0,0.025,0.017,0.002,0.009,0.037,0.0,0.0,0.021,0.18,0.271,0.167,0.101,0.078,0.002,0.011,0.052,0.056,0.014,0.0,0.007,0.037,0.031,0.012,0.068,0.097,0.131,0.004,0.073,0.127,0.029,0.0,0.053,0.571,0.123,0.119,0.412,0.157,0.107,0.424,0.211,0.077,0.199,0.014,0.038,
0.003,0.0,0.018,0.023,0.0,0.0,0.034,0.01,0.001,0.016,0.023,0.0,0.0,0.034,0.193,0.455,0.083,0.114,0.025,0.157,0.036,0.025,0.016,0.053,0.019,0.0,0.001,0.034,0.187,0.0,0.02,0.176,0.145,0.076,0.002,0.0,0.236,0.05,0.11,0.286,0.078,0.014,0.183,0.27,0.119,0.096,0.059,0.065,
0.091,0.318,0.013,0.089,0.024,0.027,0.0,0.0,0.026,0.021,0.0,0.0,0.032,0.013,0.0,0.007,0.062,0.395,0.041,0.163,0.289,0.105,0.073,0.105,0.174,0.208,0.42,0.538,0.252,0.279,0.236,0.369,0.209,0.867,0.093,0.206,0.104,0.066,0.135,0.142,0.126,0.099,0.088,0.063,0.062,0.078,0.205,0.069,
0.061,0.106,0.227,0.101,0.097,0.019,0.037,0.022,0.0,0.0,0.0,0.0,0.014,0.035,0.011,0.0,0.007,0.034,0.004,0.0,0.169,0.369,0.195,0.197,0.078,0.036,0.13,0.34,0.067,0.116,0.042,0.05,0.085,0.35,0.136,0.089,0.155,0.335,0.111,0.067,0.102,0.141,0.165,0.074,0.067,0.07,0.085,0.141,
0.142,0.101,0.07,0.188,0.048,0.035,0.036,0.025,0.0,0.0,0.03,0.036,0.013,0.0,0.006,0.035,0.007,0.0,0.011,0.033,0.0,0.488,0.173,0.28,0.187,0.146,0.093,0.651,0.389,0.051,0.131,0.085,0.05,0.035,0.056,0.045,0.206,0.011,0.142,0.133,0.074,0.055,0.087,0.44,0.018,0.018,0.119,0.042,
0.012,0.012,0.033,0.03,0.0,0.0,0.029,0.074,0.043,0.006,0.001,0.012,0.027,0.027,0.228,0.484,0.035,0.138,0.036,0.023,0.023,0.024,0.023,0.018,0.204,0.067,0.056,0.049,0.076,0.047,0.024,0.023,0.038,0.024,0.206,0.211,0.069,0.165,0.102,0.301,0.293,0.16,0.116,0.33,0.124,0.039,0.11,0.023,
0.017,0.025,0.023,0.024,0.023,0.023,0.024,0.023,0.023,0.023,0.023,0.023,0.045,0.078,0.036,0.043,0.326,0.146,0.367,0.099,0.056,0.045,0.032,0.047,0.035,0.217,0.064,0.014,0.0,0.016,0.037,0.021,0.0,0.179,0.274,0.06,0.039,0.042,0.166,0.22,0.082,0.053,0.154,0.08,0.02,0.304,0.047,0.091,
0.0,0.0,0.002,0.036,0.009,0.0,0.01,0.034,0.0,0.0,0.02,0.021,0.001,0.0,0.033,0.091,0.513,0.197,0.042,0.018,0.036,0.196,0.024,0.023,0.023,0.024,0.08,0.09,0.1,0.09,0.055,0.132,0.028,0.333,0.462,0.058,0.023,0.155,0.251,0.137,0.128,0.253,0.131,0.387,0.081,0.058,0.124,0.099,0.045
0.039,0.036,0.035,0.035,0.034,0.013,0.0,0.006,0.036,0.035,0.009,0.001,0.01,0.035,0.023,0.202,0.165,0.329,0.214,0.012,0.039,0.066,0.06,0.025,0.014,0.033,0.04,0.0,0.0,0.028,0.019,0.0,0.175,0.438,0.088,0.043,0.059,0.272,0.27,0.144,0.076,0.06,0.093,0.132,0.266,0.05,0.074,0.0,
0.024,0.035,0.009,0.0,0.01,0.035,0.014,0.0,0.005,0.035,0.015,0.0,0.004,0.036,0.012,0.185,0.299,0.063,0.346,0.016,0.048,0.096,0.036,0.038,0.039,0.054,0.036,0.172,0.137,0.048,0.151,0.019,0.062,0.052,0.039,0.387,0.427,0.232,0.094,0.122,0.129,0.092,0.101,0.113,0.075,0.071,0.166,0.088,
0.085,0.284,0.059,0.085,0.046,0.024,0.023,0.024,0.023,0.024,0.019,0.023,0.023,0.024,0.023,0.023,0.023,0.023,0.023,0.432,0.068,0.424,0.112,0.103,0.169,0.169,0.179,0.014,0.04,0.614,0.227,0.867,0.519,0.255,0.1,0.067,0.204,0.309,0.152,0.078,0.122,0.094,0.112,0.175,0.206,0.08,0.112,0.066,
0.069,0.083,0.18,0.072,0.0,0.016,0.034,0.003,0.0,0.017,0.034,0.004,0.0,0.017,0.034,0.006,0.0,0.011,0.001,0.0,0.181,0.297,0.374,0.218,0.073,0.064,0.065,0.057,0.044,0.046,0.109,0.139,0.015,0.103,0.109,0.064,0.247,0.07,0.166,1.145,0.193,0.187,0.139,0.153,0.296,0.018,0.097,0.035,
0.013,0.0,0.006,0.036,0.023,0.0,0.0,0.032,0.028,0.0,0.0,0.026,0.031,0.088,0.586,0.085,0.066,0.027,0.058,0.134,0.079,0.124,0.068,0.12,0.032,0.065,0.063,0.198,0.098,0.081,0.132,0.133,0.065,0.15,0.154,0.175,0.071,0.192,0.383,0.391,0.207,0.113,0.086,0.255,0.248,0.205,0.022,0.126,
0.018,0.0,0.011,0.034,0.007,0.0,0.013,0.034,0.002,0.0,0.018,0.03,0.0,0.0,0.174,0.468,0.168,0.127,0.073,0.074,0.081,0.109,0.193,0.13,0.086,0.245,0.098,0.068,0.081,0.353,0.119,0.139,0.142,0.162,0.195,0.377,0.125,0.039,0.077,0.214,0.292,0.221,0.081,0.281,0.029,0.121,0.02,0.0,
0.0,0.035,0.02,0.0,0.0,0.033,0.02,0.0,0.0,0.034,0.017,0.0,0.002,0.036,0.011,0.411,0.31,0.277,0.099,0.161,0.349,0.433,0.333,0.336,0.244,0.09,0.067,0.207,0.12,0.316,0.149,0.203,0.33,0.334,0.065,0.403,0.421,0.083,0.205,0.101,0.041,0.075,0.956,0.341,0.046,0.153,0.08,0.023,
0.023,0.024,0.023,0.023,0.023,0.021,0.021,0.023,0.024,0.023,0.023,0.023,0.022,0.023,0.191,0.478,0.088,0.077,0.104,0.04,0.041,0.02,0.004,0.03,0.102,0.063,0.047,0.04,0.033,0.066,0.0,0.068,0.203,0.062,0.017,0.0,0.081,0.372,0.104,0.06,0.075,0.107,0.091,0.485,0.074,0.17,0.046,0.0,
0.0,0.036,0.025,0.011,0.013,0.044,0.024,0.006,0.004,0.035,0.012,0.0,0.007,0.035,0.009,0.138,0.365,0.178,0.283,0.073,0.172,0.16,0.05,0.144,0.073,0.043,0.028,0.042,0.139,0.097,0.014,0.366,0.09,0.061,0.037,0.599,0.235,0.248,0.12,0.075,0.108,0.107,0.094,0.163,0.057,0.068,0.096,0.089,
0.093,0.068,0.093,0.257,0.043,0.041,0.026,0.03,0.001,0.0,0.024,0.03,0.0,0.0,0.022,0.03,0.001,0.0,0.023,0.046,0.223,0.05,0.338,0.332,0.093,0.044,0.15,0.058,0.234,0.059,0.044,0.031,0.676,0.654,0.215,0.121,0.113,0.114,0.319,0.198,0.065,0.064,0.088,0.182,0.071,0.066,0.081,0.068,
0.074,0.103,0.232,0.062,0.0,0.014,0.034,0.013,0.0,0.006,0.003,0.0,0.017,0.035,0.029,0.0,0.0,0.009,0.0,0.0,0.305,0.307,0.248,0.037,0.002,0.043,0.089,0.201,0.076,0.038,0.037,0.086,0.048,0.045,0.091,0.054,0.198,0.227,0.03,0.122,0.118,0.091,0.133,0.17,0.058,0.105,0.002,0.0,
0.019,0.036,0.007,0.0,0.014,0.036,0.005,0.0,0.015,0.036,0.0,0.0,0.02,0.029,0.158,0.425,0.075,0.101,0.0,0.001,0.035,0.147,0.0,0.016,0.024,0.0,0.0,0.03,0.109,0.0,0.376,0.502,0.078,0.024,0.185,0.008,0.238,0.33,0.091,0.256,0.106,0.124,0.152,0.064,0.107,0.1,0.307,0.012,
0.09,0.012,0.0,0.007,0.034,0.0,0.0,0.021,0.018,0.0,0.0,0.036,0.003,0.0,0.017,0.021,0.0,0.543,0.096,0.138,0.022,0.004,0.037,0.004,0.081,0.058,0.14,0.086,0.049,0.206,0.05,0.034,0.045,0.229,0.172,0.156,0.197,0.079,0.062,0.061,0.133,0.117,0.084,0.375,0.106,0.198,0.052,0.007,
0.0,0.016,0.038,0.035,0.0,0.0,0.023,0.031,0.0,0.0,0.032,0.013,0.0,0.007,0.035,0.546,0.18,0.1,0.082,0.22,0.037,0.056,0.035,0.082,0.024,0.059,0.046,0.022,0.34,0.062,0.019,0.034,0.064,0.385,0.091,0.462,0.464,0.119,0.129,0.061,0.13,0.061,0.075,0.487,0.106,0.022,0.128,0.035,
0.015,0.0,0.004,0.036,0.001,0.0,0.018,0.022,0.0,0.0,0.032,0.086,0.021,0.0,0.144,0.541,0.111,0.068,0.001,0.0,0.025,0.047,0.125,0.0,0.03,0.029,0.003,0.194,0.035,0.038,0.0,0.019,0.021,0.0,0.0,0.033,0.344,0.188,0.084,0.09,0.081,0.024,0.014,0.301,0.273,0.16,0.024,0.0,
0.03,0.0,0.0,0.024,0.035,0.0,0.0,0.019,0.002,0.0,0.018,0.034,0.007,0.0,0.012,0.444,0.076,0.072,0.199,0.176,0.111,0.058,0.05,0.145,0.06,0.315,0.562,0.039,0.051,0.05,0.16,0.051,0.043,0.092,0.072,0.669,0.024,0.202,0.046,0.03,0.0,0.0,0.024,0.034,0.0,0.0,0.02,0.031,
0.001,0.0,0.022,0.027,0.0,0.0,0.026,0.02,0.0,0.0,0.034,0.011,0.0,0.008,0.035,0.003,0.0,0.017,0.028,0.0,0.0,0.025,0.019,0.0,0.0,0.034,0.009,0.0,0.01,0.035,0.002,0.0,0.017,0.012,0.0,0.007,0.035,0.016,0.0,0.002,0.035,0.008,0.0,0.011,0.033,0.0,0.0,0.021,
0.024,0.0,0.0,0.03,0.016,0.0,0.003,0.035,0.007,0.0,0.013,0.032,0.001,0.0,0.02,0.025,0.0,0.0,0.029,0.015,0.0,0.004,0.034,0.008,0.0,0.012,0.037,0.061,0.019,0.0,0.002,0.036,0.034,0.009,0.0,0.01,0.035,0.008,0.0,0.15,0.11,0.205,0.121,0.181,0.033,0.022,0.26,0.111,
0.123,0.063,0.092,0.088,0.025,0.0,0.0,0.029,0.02,0.0,0.0,0.034,0.013,0.0,0.061,0.385,0.015,0.0,0.148,0.144,0.254,0.009,0.043,0.026,0.0,0.0,0.027,0.022,0.0,0.0,0.031,0.018,0.0,0.0,0.035,0.013,0.0,0.012,0.105,0.364,0.248,0.111,0.077,0.059,0.153,0.188,0.083,0.18,
0.013,0.075,0.037,0.035,0.035,0.035,0.012,0.0,0.006,0.035,0.03,0.0,0.0,0.025,0.181,0.279,0.009,0.173,0.099,0.056,0.11,0.085,0.012,0.0,0.007,0.112,0.006,0.0,0.062,0.184,0.056,0.053,0.056,0.063,0.212,0.166,0.034,0.033,0.063,0.244,0.127,0.075,0.055,0.057,0.376,0.108,0.141,0.013,
0.0,0.008,0.037,0.036,0.034,0.015,0.0,0.004,0.036,0.015,0.0,0.004,0.035,0.007,0.0,0.46,0.069,0.109,0.157,0.217,0.054,0.047,0.173,0.091,0.041,0.019,0.017,0.05,0.084,0.208,0.048,0.101,0.065,0.063,0.034,0.246,0.228,0.11,0.133,0.13,0.105,0.048,0.261,0.102,0.183,0.027,0.243,0.057,
0.033,0.0,0.0,0.022,0.041,0.075,0.021,0.0,0.0,0.036,0.036,0.034,0.028,0.0,0.177,0.461,0.109,0.053,0.011,0.0,0.034,0.085,0.028,0.018,0.045,0.014,0.044,0.019,0.032,0.0,0.0,0.023,0.024,0.308,0.194,0.032,0.246,0.181,0.098,0.124,0.049,0.04,0.06,0.042,0.4,0.081,0.178,0.049,
