Date,sum
2013-05-12, 0.063  0.106  0.029 
2013-05-13, 0.108  0.033  0.091  0.054  0.065  0.079  0.046  0.094  0.048  0.107  0.055  0.134  0.084  0.112  0.102  0.068  0.084  0.081  0.11  0.039  0.101  0.022  0.11  0.035  0.099  0.049  0.087  0.061  0.071  0.078  0.06  0.094  0.082  0.288  0.099  0.163  0.086  0.174  0.084  0.134  0.092  0.136  0.08  0.079  0.097  0.057  0.114  0.037 
2013-05-14, 0.118  0.052  0.1  0.071  0.073  0.074  0.046  0.098  0.025  0.104  0.035  0.124  0.071  0.097  0.093  0.08  0.09  0.036  0.098  0.093  0.135  0.058  0.188  0.077  0.097  0.099  0.084  0.111  0.578  0.504  0.484  0.133  0.062  0.133  0.122  0.165  0.123  0.078  0.112  0.061  0.129  0.043  0.128  0.041  0.104  0.061  0.08  0.081 
2013-05-15, 0.065  0.081  0.043  0.075  0.045  0.085  0.035  0.088  0.02  0.099  0.033  0.138  0.072  0.121  0.078  0.097  0.08  0.058  0.058  0.061  0.101  0.07  0.42  0.186  0.156  0.065  0.252  0.074  0.119  0.076  0.163  0.066  0.115  0.082  0.1  0.116  0.141  0.143  0.123  0.132  0.064  0.105  0.045  0.101  0.05  0.099  0.06  0.087 
2013-05-16, 0.069  0.065  0.088  0.055  0.092  0.036  0.081  0.038  0.085  0.021  0.103  0.05  0.119  0.053  0.112  0.064  0.086  0.036  0.081  0.115  0.105  0.058  0.077  0.1  0.173  0.118  0.068  0.133  0.058  0.142  0.07  0.19  0.101  0.148  0.07  0.14  0.11  0.112  0.105  0.829  0.7  0.115  0.12  0.034  0.115  0.046  0.097  0.069 
2013-05-17, 0.08  0.08  0.068  0.085  0.064  0.089  0.033  0.098  0.021  0.102  0.027  0.123  0.072  0.112  0.082  0.104  0.08  0.115  0.123  0.109  0.124  0.1  0.2  0.081  0.144  0.127  0.141  0.088  0.107  0.088  0.093  0.1  0.08  0.114  0.069  0.144  0.079  0.122  0.061  0.111  0.094  0.089  0.08  0.067  0.096  0.052  0.11  0.038 
2013-05-18, 0.113  0.028  0.088  0.051  0.07  0.068  0.054  0.077  0.046  0.084  0.047  0.126  0.058  0.129  0.055  0.132  0.072  0.081  0.056  0.098  0.096  0.096  0.91  0.561  0.303  0.092  0.183  0.1  0.175  0.115  0.3  0.32  0.209  0.163  0.122  0.19  0.148  0.131  0.076  0.109  0.089  0.096  0.111  0.085  0.275  0.062  0.111  0.044 
2013-05-19, 0.12  0.023  0.104  0.024  0.095  0.042  0.083  0.051  0.074  0.048  0.082  0.089  0.095  0.092  0.078  0.109  0.067  0.121  0.057  0.117  0.186  0.138  0.049  0.144  0.048  0.142  0.054  0.141  0.062  0.503  0.516  0.409  0.132  0.075  0.139  0.088  0.158  0.057  0.387  0.653  0.684  0.055  0.124  0.047  0.119  0.044  0.101  0.038 
2013-05-20, 0.097  0.039  0.096  0.044  0.088  0.053  0.077  0.064  0.059  0.082  0.058  0.123  0.073  0.126  0.072  0.104  0.04  0.158  0.026  0.106  0.023  0.105  0.033  0.094  0.045  0.087  0.051  0.084  0.056  0.078  0.067  0.114  0.109  0.102  0.091  0.125  0.11  0.105  0.091  0.11  0.109  0.093  0.078  0.088  0.08  0.084  0.074  0.07 
2013-05-21, 0.073  0.066  0.078  0.061  0.082  0.054  0.087  0.046  0.096  0.035  0.113  0.061  0.142  0.053  0.144  0.046  0.139  0.061  0.112  0.033  0.105  0.035  0.123  0.069  0.118  0.076  0.126  0.129  0.151  0.134  0.144  0.139  0.139  0.145  0.136  0.172  0.127  0.106  0.081  0.11  0.073  0.124  0.082  0.119  0.042  0.114  0.036  0.116 
2013-05-22, 0.046  0.108  0.056  0.098  0.051  0.074  0.064  0.056  0.082  0.044  0.099  0.066  0.125  0.062  0.126  0.079  0.105  0.034  0.088  0.073  0.162  0.085  0.171  0.131  0.083  0.11  0.075  0.116  0.069  0.124  0.062  0.131  0.056  0.137  0.051  0.166  0.07  0.142  0.047  0.133  0.122  0.114  0.054  0.097  0.065  0.081  0.078  0.065 
2013-05-23, 0.093  0.053  0.103  0.044  0.108  0.034  0.092  0.031  0.092  0.03  0.098  0.052  0.135  0.047  0.13  0.069  0.121  0.035  0.086  0.131  0.103  0.784  0.493  0.294  0.105  0.113  0.113  0.141  0.136  0.155  0.184  0.189  0.117  0.141  0.13  0.14  0.11  0.132  0.096  0.139  0.085  0.156  0.092  0.136  0.054  0.11  0.048  0.108 
2013-05-24, 0.042  0.088  0.044  0.086  0.047  0.094  0.063  0.088  0.067  0.083  0.077  0.103  0.098  0.08  0.106  0.096  0.107  0.062  0.083  0.056  0.113  0.061  0.117  0.057  0.262  0.055  0.121  0.054  0.119  0.058  0.121  0.057  0.121  0.056  0.157  0.086  0.179  0.133  0.186  0.141  0.176  0.119  0.115  0.079  0.092  0.066  0.083  0.072 
2013-05-25, 0.077  0.077  0.077  0.067  0.084  0.061  0.087  0.049  0.078  0.047  0.078  0.054  0.098  0.085  0.094  0.088  0.095  0.118  0.08  0.046  0.077  0.042  0.588  0.605  0.757  0.096  0.147  0.516  0.144  0.045  0.093  0.829  0.528  0.428  0.115  0.116  0.332  0.265  0.248  0.132  0.13  0.077  0.142  0.125  0.109  0.05  0.115  0.037  0.109 
2013-05-26, 0.019  0.102  0.027  0.093  0.04  0.084  0.046  0.078  0.041  0.082  0.053  0.107  0.081  0.094  0.095  0.088  0.098  0.081  0.099  0.065  0.142  0.074  0.114  0.075  0.171  0.079  0.127  0.09  0.115  0.111  0.096  0.137  0.07  0.146  0.068  0.161  0.119  0.11  0.106  0.089  0.118  0.6  0.503  0.511  0.104  0.06  0.091  0.053 
2013-05-27, 0.087  0.054  0.084  0.057  0.077  0.064  0.067  0.072  0.057  0.079  0.048  0.126  0.058  0.134  0.049  0.134  0.047  0.129  0.072  0.111  0.04  0.095  0.048  0.158  0.041  0.96  0.116  0.154  0.129  0.147  0.109  0.055  0.154  0.103  0.097  0.157  0.09  0.145  0.053  0.144  0.095  0.155  0.038  0.108  0.041  0.104  0.041  0.105 
2013-05-28, 0.039  0.106  0.035  0.109  0.025  0.114  0.025  0.112  0.032  0.104  0.044  0.128  0.075  0.114  0.086  0.128  0.09  0.09  0.098  0.12  0.083  0.062  0.077  0.058  0.143  0.058  0.105  0.083  0.119  0.08  0.117  0.083  0.113  0.087  0.11  0.11  0.13  0.082  0.107  0.096  0.13  0.059  0.101  0.058  0.096  0.038  0.099  0.03 
2013-05-29, 0.107  0.023  0.112  0.021  0.111  0.019  0.11  0.02  0.101  0.034  0.097  0.075  0.117  0.078  0.111  0.077  0.107  0.077  0.092  0.051  0.081  0.056  0.076  0.2  0.067  0.072  0.077  0.081  0.077  0.084  0.066  0.073  0.059  0.079  0.048  0.11  0.051  0.095  0.032  0.123  0.077  0.149  0.062  0.135  0.039  0.106  0.033  0.104 
2013-05-30, 0.034  0.104  0.034  0.103  0.039  0.098  0.037  0.1  0.037  0.1  0.048  0.124  0.074  0.116  0.08  0.107  0.083  0.09  0.087  0.078  0.082  0.064  0.071  0.065  0.072  0.065  0.074  0.064  0.072  0.067  0.122  0.072  0.072  0.07  0.073  0.09  0.086  0.063  0.071  0.063  0.077  0.06  0.079  0.057  0.079  0.055  0.08  0.054 
2013-05-31, 0.079  0.053  0.084  0.053  0.099  0.056  0.104  0.049  0.111  0.031  0.116  0.053  0.143  0.051  0.144  0.049  0.147  0.076  0.199  0.067  0.15  0.065  0.142  0.052  0.123  0.024  0.123  0.045  0.107  0.08  0.08  0.12  0.056  0.122  0.09  0.111  0.129  0.044  0.119  0.032  0.114  0.053  0.099  0.07  0.079  0.08  0.07  0.085 
2013-06-01, 0.062  0.089  0.056  0.096  0.044  0.099  0.041  0.098  0.046  0.089  0.059  0.115  0.085  0.097  0.097  0.086  0.1  0.068  0.103  0.062  0.095  0.06  0.125  0.076  0.709  0.476  0.342  0.109  0.095  0.126  0.075  0.139  0.117  0.141  0.071  0.156  0.103  0.12  0.084  0.114  0.082  0.131  0.06  0.09  0.062  0.107  0.058  0.111 
2013-06-02, 0.052  0.1  0.041  0.101  0.035  0.102  0.046  0.112  0.044  0.11  0.054  0.14  0.079  0.127  0.066  0.118  0.067  0.101  0.066  0.09  0.062  0.094  0.061  0.097  0.072  0.129  0.087  0.146  0.068  0.152  0.264  0.589  0.274  0.108  0.14  0.091  0.164  0.088  0.13  0.093  0.129  0.106  0.111  0.074  0.082  0.07  0.09  0.078 
2013-06-03, 0.097  0.07  0.103  0.062  0.098  0.038  0.105  0.025  0.11  0.023  0.116  0.062  0.129  0.068  0.121  0.048  0.099  0.136  0.098  0.066  0.07  0.07  0.074  0.072  0.083  0.066  0.103  0.049  0.121  0.033  0.121  0.167  0.108  0.137  0.064  0.168  0.1  0.135  0.079  0.12  0.086  0.626  0.476  0.418  0.06  0.086  0.056  0.085 
2013-06-04, 0.053  0.086  0.05  0.09  0.042  0.098  0.031  0.097  0.027  0.099  0.037  0.122  0.071  0.106  0.081  0.101  0.104  0.084  0.095  0.101  0.102  0.099  0.107  0.104  0.106  0.115  0.104  0.133  0.086  0.141  0.099  0.121  0.138  0.079  0.149  0.102  0.228  0.11  0.104  0.135  0.07  0.176  0.087  0.125  0.049  0.106  0.052  0.102 
2013-06-05, 0.05  0.103  0.045  0.107  0.041  0.109  0.035  0.108  0.038  0.101  0.051  0.125  0.076  0.13  0.074  0.078  0.117  0.101  0.092  0.099  0.097  0.099  0.099  0.081  0.069  0.105  0.087  0.216  0.146  0.131  0.081  0.14  0.147  0.129  0.083  0.164  0.147  0.085  0.14  0.077  0.136  0.109  0.087  0.094  0.059  0.1  0.051  0.097 
2013-06-06, 0.051  0.093  0.054  0.088  0.058  0.082  0.062  0.075  0.064  0.07  0.073  0.099  0.096  0.094  0.106  0.082  0.132  0.072  0.087  0.056  0.107  0.086  0.113  0.156  0.376  0.264  0.159  0.148  0.059  0.149  0.09  0.197  0.133  0.074  0.14  0.112  0.21  0.112  0.089  0.142  0.107  0.182  0.121  0.153  0.351  0.547  0.559  0.083 
2013-06-07, 0.069  0.079  0.068  0.078  0.063  0.082  0.072  0.085  0.053  0.088  0.051  0.129  0.066  0.132  0.073  0.125  0.285  0.175  0.043  0.117  0.058  0.127  0.093  0.189  0.119  0.087  0.151  0.065  0.15  0.061  0.155  0.083  0.126  0.118  0.088  0.167  0.082  0.147  0.086  0.13  0.108  0.117  0.119  0.074  0.093  0.062  0.094  0.059 
2013-06-08, 0.095  0.052  0.096  0.053  0.094  0.052  0.09  0.055  0.087  0.056  0.086  0.088  0.102  0.086  0.091  0.086  0.105  0.072  0.067  0.074  0.069  0.074  0.125  0.074  0.084  0.063  0.1  0.049  0.125  0.056  0.151  0.069  0.138  0.092  0.112  0.137  0.102  0.131  0.065  0.136  0.118  0.186  0.414  0.533  0.536  0.095  0.052  0.094 
2013-06-09, 0.054  0.105  0.063  0.098  0.047  0.097  0.039  0.104  0.03  0.112  0.032  0.148  0.048  0.144  0.046  0.138  0.045  0.109  0.032  0.14  0.055  0.215  0.055  0.137  0.058  0.137  0.037  0.111  0.048  0.132  0.035  0.105  0.036  0.471  0.335  0.306  0.355  0.156  0.083  0.088  0.08  0.082  0.068  0.082  0.08  0.092  0.077  0.084 
2013-06-10, 0.06  0.088  0.052  0.095  0.042  0.102  0.038  0.105  0.034  0.109  0.035  0.14  0.055  0.152  0.026  0.102  0.085  0.107  0.026  0.107  0.027  0.106  0.031  0.104  0.034  0.103  0.05  0.112  0.035  0.107  0.037  0.107  0.031  0.113  0.024  0.139  0.043  0.23  0.025  0.11  0.028  0.114  0.031  0.107  0.033  0.107  0.043  0.116 
2013-06-11, 0.044  0.112  0.049  0.104  0.055  0.094  0.064  0.082  0.075  0.077  0.074  0.088  0.1  0.083  0.098  0.087  0.093  0.063  0.07  0.066  0.07  0.07  0.069  0.076  0.062  0.083  0.113  0.088  0.054  0.092  0.049  0.093  0.048  0.099  0.124  0.124  0.064  0.107  0.03  0.111  0.037  0.107  0.04  0.103  0.038  0.105  0.035  0.109 
2013-06-12, 0.039  0.102  0.043  0.097  0.05  0.101  0.066  0.093  0.072  0.093  0.08  0.115  0.089  0.109  0.083  0.111  0.099  0.096  0.064  0.133  0.751  0.572  0.083  0.058  0.096  0.045  0.108  0.032  0.112  0.037  0.105  0.045  0.098  0.051  0.091  0.078  0.107  0.146  0.086  0.067  0.076  0.074  0.067  0.086  0.071  0.093  0.048  0.101 
2013-06-13, 0.032  0.114  0.019  0.125  0.019  0.12  0.022  0.116  0.025  0.107  0.039  0.13  0.072  0.121  0.068  0.09  0.046  0.087  0.049  0.142  0.047  0.088  0.044  0.09  0.05  0.085  0.056  0.169  0.109  0.086  0.078  0.055  0.095  0.041  0.11  0.051  0.143  0.016  0.117  0.05  0.133  0.044  0.119  0.05  0.108  0.056  0.107  0.056 
2013-06-14, 0.096  0.039  0.098  0.03  0.106  0.027  0.108  0.024  0.107  0.022  0.107  0.062  0.131  0.059  0.128  0.038  0.518  0.15  0.118  0.549  0.618  0.436  0.175  0.035  0.105  0.044  0.096  0.135  0.086  0.074  0.07  0.097  0.048  0.113  0.03  0.139  0.063  0.105  0.722  0.662  0.1  0.093  0.085  0.083  0.093  0.075  0.095  0.07 
2013-06-15, 0.087  0.057  0.085  0.055  0.086  0.054  0.089  0.051  0.09  0.048  0.098  0.073  0.123  0.061  0.151  0.043  0.106  0.03  0.112  0.023  0.121  0.021  0.199  0.137  0.227  0.041  0.106  0.202  0.167  0.136  0.153  0.142  0.143  0.156  0.127  0.194  0.135  0.178  0.098  0.155  0.045  0.144  0.019  0.119  0.026  0.108  0.034  0.102 
2013-06-16, 0.035  0.101  0.036  0.101  0.028  0.108  0.024  0.112  0.023  0.119  0.039  0.148  0.068  0.14  0.07  0.129  0.081  0.123  0.056  0.098  0.069  0.099  0.064  0.09  0.156  0.388  0.265  0.11  0.106  0.076  0.096  0.047  0.11  0.037  0.121  0.108  0.134  0.073  0.065  0.094  0.066  0.115  0.052  0.12  0.046  0.123  0.042  0.125 
2013-06-17, 0.043  0.118  0.033  0.108  0.033  0.108  0.028  0.113  0.022  0.118  0.03  0.148  0.055  0.143  0.074  0.133  0.051  0.114  0.042  0.097  0.053  0.087  0.063  0.078  0.08  0.061  0.109  0.032  0.121  0.04  0.108  0.071  0.094  0.13  0.062  0.134  0.079  0.098  0.111  0.086  0.133  0.06  0.143  0.026  0.119  0.042  0.102  0.055 
2013-06-18, 0.087  0.068  0.074  0.077  0.066  0.082  0.061  0.085  0.057  0.087  0.054  0.119  0.077  0.117  0.073  0.106  0.065  0.095  0.043  0.109  0.033  0.111  0.047  0.097  0.068  0.077  0.092  0.052  0.119  0.106  0.15  0.072  0.128  0.101  0.103  0.151  0.084  0.137  0.074  0.123  0.097  0.076  0.095  0.051  0.109  0.038  0.11  0.055 
2013-06-19, 0.1  0.084  0.085  0.09  0.057  0.103  0.04  0.115  0.026  0.118  0.041  0.139  0.082  0.109  0.08  0.103  0.079  0.063  0.104  0.039  0.13  0.036  0.109  0.081  0.065  0.108  0.093  0.081  0.123  0.781  0.521  0.33  0.137  0.084  0.141  0.171  0.091  0.146  0.133  0.089  0.131  0.148  0.088  0.141  0.129  0.043  0.122  0.061 
2013-06-20, 0.1  0.096  0.061  0.109  0.05  0.109  0.071  0.085  0.088  0.067  0.107  0.081  0.139  0.056  0.11  0.051  0.124  0.07  0.081  0.096  0.054  0.12  0.027  0.145  0.087  0.122  0.122  0.093  0.134  0.069  0.138  0.106  0.101  0.142  0.061  0.173  0.147  0.131  0.104  0.123  0.175  0.079  0.153  0.067  0.091  0.086  0.071  0.103 
2013-06-21, 0.051  0.117  0.038  0.122  0.03  0.123  0.041  0.11  0.054  0.097  0.07  0.115  0.089  0.101  0.08  0.073  0.084  0.064  0.122  0.135  0.131  0.065  0.143  0.054  0.15  0.056  0.146  0.163  0.091  0.143  0.06  0.214  0.366  0.33  0.276  0.161  0.198  0.108  0.182  0.131  0.157  0.1  0.072  0.097  0.054  0.111  0.038  0.116 
2013-06-22, 0.034  0.114  0.043  0.103  0.049  0.095  0.054  0.091  0.054  0.089  0.061  0.121  0.084  0.106  0.067  0.121  0.063  0.083  0.057  0.098  0.092  0.104  0.295  0.55  0.116  0.096  0.842  0.554  0.197  0.062  0.138  0.067  0.131  0.072  0.208  0.103  0.134  0.08  0.128  0.127  0.152  0.136  0.127  0.067  0.078  0.067  0.072  0.071 
2013-06-23, 0.065  0.078  0.057  0.084  0.056  0.085  0.054  0.086  0.053  0.08  0.067  0.105  0.096  0.1  0.094  0.097  0.086  0.088  0.059  0.107  0.093  0.122  0.081  0.135  0.136  0.156  0.052  0.159  0.056  0.143  0.061  0.141  0.072  0.128  0.079  0.135  0.171  0.152  0.133  0.147  0.138  0.142  0.14  0.083  0.071  0.068  0.072  0.064 
2013-06-24, 0.075  0.064  0.075  0.066  0.072  0.067  0.058  0.081  0.048  0.09  0.052  0.122  0.071  0.104  0.046  0.094  0.058  0.125  0.06  0.105  0.022  0.115  0.018  0.118  0.019  0.116  0.024  0.108  0.034  0.127  0.063  0.138  0.059  0.142  0.061  0.161  0.081  0.142  0.051  0.143  0.097  0.211  0.103  0.19  0.027  0.118  0.02  0.113 
2013-06-25, 0.023  0.023  0.105  0.033  0.096  0.041  0.087  0.049  0.078  0.05  0.078  0.057  0.11  0.083  0.105  0.086  0.089  0.067  0.055  0.109  0.08  0.112  0.083  0.112  0.09  0.107  0.101  0.098  0.112  0.089  0.124  0.078  0.132  0.066  0.141  0.065  0.163  0.099  0.126  0.114  0.16  0.135  0.153  0.141  0.085  0.069  0.075  0.069  0.069 
2013-06-26, 0.071  0.067  0.072  0.07  0.066  0.073  0.055  0.083  0.04  0.098  0.039  0.136  0.055  0.103  0.026  0.102  0.03  0.105  0.03  0.123  0.057  0.147  0.049  0.149  0.049  0.15  0.072  0.663  0.46  0.452  0.11  0.093  0.131  0.127  0.146  0.084  0.22  0.08  0.115  0.104  0.095  0.118  0.085  0.103  0.047  0.106  0.041  0.107 
2013-06-27, 0.044  0.113  0.056  0.108  0.05  0.091  0.052  0.087  0.051  0.084  0.056  0.117  0.054  0.083  0.056  0.099  0.064  0.196  0.704  0.482  0.679  0.264  0.148  0.107  0.062  0.138  0.075  0.129  0.101  0.104  0.131  0.071  0.139  0.104  0.177  0.126  0.217  0.109  0.095  0.129  0.13  0.138  0.088  0.102  0.045  0.101  0.045  0.096 
2013-06-28, 0.047  0.091  0.053  0.088  0.056  0.087  0.055  0.088  0.05  0.092  0.051  0.13  0.074  0.117  0.04  0.099  0.246  0.468  0.087  0.107  0.126  0.137  0.059  0.144  0.05  0.147  0.052  0.14  0.064  0.129  0.075  0.122  0.087  0.111  0.119  0.166  0.19  0.125  0.178  0.106  0.181  0.77  0.623  0.092  0.093  0.065  0.08  0.074 
2013-06-29, 0.071  0.083  0.061  0.089  0.054  0.094  0.048  0.096  0.045  0.097  0.053  0.131  0.073  0.133  0.056  0.107  0.029  0.115  0.034  0.175  0.069  0.119  0.057  0.088  0.076  0.1  0.142  0.062  0.27  0.095  0.114  0.141  0.059  0.15  0.116  0.114  0.149  0.079  0.125  0.117  0.083  0.191  0.104  0.163  0.079  0.12  0.065  0.084 
2013-06-30, 0.077  0.068  0.093  0.05  0.106  0.038  0.119  0.027  0.124  0.02  0.131  0.057  0.141  0.033  0.108  0.045  0.095  0.06  0.085  0.077  0.069  0.105  0.101  0.122  0.05  0.105  0.107  0.059  0.1  0.122  0.106  0.045  0.116  0.114  0.112  0.06  0.139  0.103  0.055  0.097  0.129  0.044  0.118  0.08  0.076  0.111  0.04  0.112 
2013-07-01, 0.056  0.096  0.075  0.076  0.089  0.059  0.103  0.046  0.11  0.037  0.121  0.062  0.134  0.049  0.129  0.045  0.101  0.054  0.09  0.069  0.077  0.091  0.054  0.118  0.029  0.119  0.078  0.071  0.113  0.04  0.114  0.093  0.059  0.11  0.078  0.098  0.134  0.03  0.123  0.074  0.075  0.11  0.041  0.12  0.04  0.113  0.051  0.1 
2013-07-02, 0.059  0.089  0.069  0.078  0.077  0.069  0.08  0.065  0.082  0.061  0.093  0.086  0.116  0.048  0.095  0.042  0.122  0.033  0.132  0.737  0.67  0.049  0.145  0.05  0.143  0.059  0.137  0.065  0.103  0.115  0.093  0.057  0.085  0.073  0.103  0.127  0.118  0.117  0.076  0.125  0.063  0.123  0.034  0.119  0.024  0.123  0.02  0.118 
2013-07-03, 0.028  0.109  0.037  0.107  0.038  0.105  0.04  0.102  0.038  0.105  0.043  0.139  0.045  0.104  0.057  0.102  0.061  0.096  0.054  0.088  0.061  0.084  0.071  0.072  0.094  0.052  0.109  0.041  0.107  0.072  0.078  0.104  0.042  0.147  0.062  0.17  0.161  0.16  0.16  0.129  0.177  0.069  0.113  0.049  0.099  0.048  0.103  0.04 
2013-07-04, 0.111  0.034  0.115  0.03  0.119  0.027  0.119  0.025  0.114  0.028  0.112  0.072  0.129  0.076  0.119  0.05  0.09  0.075  0.12  0.079  0.129  0.046  0.111  0.038  0.111  0.076  0.119  0.109  0.096  0.309  0.24  0.152  0.203  0.151  0.143  0.195  0.106  0.116  0.141  0.057  0.135  0.062  0.09  0.094  0.052  0.12  0.026  0.126 
2013-07-05, 0.041  0.109  0.056  0.092  0.067  0.074  0.081  0.059  0.091  0.051  0.106  0.076  0.129  0.067  0.112  0.03  0.134  0.05  0.151  0.318  0.286  0.201  0.118  0.125  0.077  0.136  0.098  0.11  0.146  0.06  0.152  0.112  0.097  0.136  0.112  0.125  0.165  0.066  0.141  0.117  0.085  0.145  0.075  0.097  0.095  0.058  0.121  0.027 
2013-07-06, 0.124  0.042  0.106  0.061  0.086  0.075  0.07  0.088  0.055  0.096  0.057  0.129  0.066  0.116  0.034  0.139  0.024  0.123  0.027  0.115  0.122  0.785  0.554  0.096  0.139  0.089  0.122  0.142  0.139  0.068  0.149  0.2  0.15  0.134  0.085  0.154  0.162  0.133  0.073  0.136  0.144  0.045  0.128  0.088  0.068  0.109  0.06  0.097 
2013-07-07, 0.098  0.055  0.121  0.028  0.125  0.048  0.102  0.068  0.079  0.084  0.067  0.126  0.066  0.135  0.027  0.118  0.033  0.11  0.056  0.089  0.091  0.054  0.107  0.074  0.076  0.119  0.104  0.046  0.112  0.119  0.105  0.116  0.103  0.116  0.103  0.14  0.069  0.108  0.106  0.104  0.046  0.12  0.133  0.08  0.115  0.07  0.088  0.108 
2013-07-08, 0.045  0.124  0.036  0.118  0.062  0.089  0.082  0.068  0.097  0.051  0.11  0.06  0.136  0.037  0.106  0.048  0.095  0.069  0.073  0.096  0.048  0.118  0.034  0.115  0.102  0.045  0.109  0.117  0.079  0.076  0.135  0.143  0.117  0.078  0.19  0.171  0.084  0.15  0.126  0.078  0.135  0.113  0.128  0.118  0.044  0.115  0.08  0.075 
2013-07-09, 0.108  0.045  0.117  0.038  0.114  0.056  0.093  0.068  0.079  0.077  0.069  0.111  0.085  0.092  0.074  0.106  0.052  0.103  0.036  0.12  0.031  0.151  0.14  0.126  0.117  0.088  0.14  0.11  0.104  0.137  0.117  0.092  0.149  0.113  0.099  0.159  0.14  0.144  0.07  0.139  0.134  0.087  0.151  0.058  0.126  0.059  0.095 
2013-07-10, 0.078  0.073  0.097  0.05  0.11  0.036  0.112  0.04  0.107  0.044  0.109  0.072  0.122  0.065  0.092  0.054  0.086  0.063  0.076  0.086  0.057  0.116  0.027  0.121  0.052  0.097  0.097  0.051  0.114  0.09  0.119  0.138  0.064  0.143  0.115  0.116  0.165  0.079  0.131  0.547  0.439  0.577  0.066  0.106  0.043  0.112  0.04  0.111 
2013-07-11, 0.048  0.1  0.053  0.094  0.054  0.092  0.057  0.089  0.056  0.089  0.062  0.124  0.082  0.121  0.056  0.086  0.062  0.092  0.097  0.098  0.108  0.094  0.125  0.047  0.109  0.064  0.101  0.152  0.085  0.126  0.139  0.096  0.127  0.133  0.086  0.151  0.158  0.062  0.149  0.079  0.123  0.141  0.102  0.146  0.069  0.115  0.041  0.111 
2013-07-12, 0.05  0.098  0.059  0.088  0.066  0.081  0.074  0.07  0.078  0.065  0.086  0.089  0.104  0.057  0.078  0.055  0.082  0.232  0.684  0.659  0.442  0.131  0.202  0.048  0.15  0.071  0.13  0.126  0.075  0.136  0.121  0.082  0.145  0.102  0.103  0.158  0.133  0.101  0.144  0.07  0.163  0.114  0.057  0.113  0.049  0.104  0.078  0.07 
2013-07-13, 0.104  0.043  0.121  0.024  0.125  0.041  0.107  0.055  0.091  0.068  0.085  0.108  0.089  0.104  0.069  0.109  0.032  0.475  0.104  0.091  0.09  0.058  0.121  0.119  0.151  0.111  0.097  0.14  0.095  0.114  0.144  0.088  0.124  0.143  0.091  0.145  0.149  0.096  0.111  0.143  0.091  0.132  0.786  0.516  0.111  0.104  0.05  0.123 
2013-07-14, 0.05  0.105  0.087  0.064  0.109  0.046  0.106  0.078  0.072  0.106  0.045  0.146  0.043  0.118  0.06  0.081  0.035  0.109  0.073  0.53  0.161  0.048  0.116  0.104  0.094  0.118  0.175  0.067  0.089  0.113  0.112  0.038  0.119  0.113  0.106  0.099  0.181  0.106  0.046  0.147  0.138  0.074  0.113  0.103  0.053  0.123  0.059 
2013-07-15, 0.098  0.107  0.044  0.112  0.073  0.081  0.108  0.043  0.122  0.032  0.119  0.078  0.11  0.098  0.059  0.106  0.035  0.11  0.069  0.077  0.112  0.032  0.121  0.069  0.08  0.105  0.078  0.074  0.118  0.101  0.05  0.114  0.141  0.1  0.11  0.167  0.155  0.069  0.143  0.144  0.081  0.165  0.154  0.073  0.087  0.122  0.047  0.115 
2013-07-16, 0.099  0.056  0.111  0.07  0.086  0.109  0.044  0.123  0.038  0.116  0.068  0.109  0.115  0.048  0.107  0.049  0.097  0.096  0.061  0.118  0.032  0.117  0.103  0.042  0.226  0.118  0.109  0.112  0.113  0.109  0.113  0.108  0.113  0.108  0.113  0.121  0.08  0.141  0.145  0.143  0.071  0.115  0.123  0.08  0.079  0.109  0.112  0.044 
2013-07-17, 0.125  0.089  0.068  0.11  0.077  0.081  0.121  0.03  0.127  0.073  0.08  0.131  0.058  0.112  0.085  0.083  0.114  0.028  0.119  0.082  0.065  0.116  0.095  0.061  0.111  0.12  0.163  0.119  0.107  0.12  0.129  0.105  0.119  0.082  0.075  0.155  0.153  0.092  0.132  0.724  0.609  0.083  0.127  0.102  0.058  0.122  0.112  0.046 
2013-07-18, 0.113  0.112  0.043  0.126  0.063  0.093  0.106  0.047  0.114  0.068  0.088  0.122  0.065  0.115  0.036  0.111  0.075  0.071  0.11  0.034  0.115  0.104  0.046  0.197  0.137  0.127  0.074  0.084  0.115  0.114  0.112  0.113  0.113  0.112  0.113  0.137  0.132  0.186  0.137  0.094  0.114  0.135  0.116  0.04  0.126  0.098  0.057  0.112 
2013-07-19, 0.08  0.076  0.12  0.03  0.125  0.059  0.092  0.085  0.065  0.11  0.037  0.141  0.061  0.106  0.056  0.106  0.078  0.064  0.134  0.061  0.139  0.113  0.088  0.142  0.1  0.109  0.137  0.141  0.069  0.142  0.144  0.133  0.105  0.105  0.138  0.127  0.069  0.131  0.135  0.067  0.145  0.084  0.098  0.113  0.04  0.122  0.07  0.088 
2013-07-20, 0.11  0.04  0.116  0.079  0.072  0.116  0.033  0.124  0.041  0.111  0.069  0.104  0.121  0.048  0.108  0.049  0.096  0.078  0.066  0.136  0.257  0.276  0.211  0.182  0.101  0.096  0.131  0.067  0.135  0.11  0.091  0.146  0.062  0.146  0.114  0.11  0.158  0.083  0.119  0.117  0.062  0.122  0.029  0.124  0.065  0.085  0.098  0.049 
2013-07-21, 0.111  0.051  0.099  0.081  0.069  0.108  0.04  0.123  0.03  0.121  0.06  0.125  0.107  0.075  0.102  0.042  0.126  0.05  0.09  0.331  0.139  0.138  0.086  0.368  0.82  0.54  0.322  0.131  0.076  0.138  0.145  0.101  0.181  0.172  0.137  0.123  0.172  0.101  0.107  0.133  0.084  0.155  0.122  0.051  0.115  0.072  0.084  0.119 
2013-07-22, 0.033  0.125  0.058  0.097  0.096  0.054  0.11  0.056  0.096  0.082  0.069  0.133  0.064  0.132  0.042  0.107  0.064  0.083  0.098  0.043  0.107  0.083  0.064  0.118  0.105  0.043  0.114  0.116  0.109  0.117  0.138  0.138  0.138  0.138  0.139  0.16  0.09  0.14  0.149  0.135  0.072  0.137  0.155  0.055  0.119  0.109  0.076  0.086 
2013-07-23, 0.121  0.071  0.087  0.112  0.077  0.082  0.118  0.054  0.105  0.112  0.039  0.143  0.11  0.058  0.139  0.059  0.088  0.109  0.052  0.135  0.127  0.072  0.142  0.104  0.097  0.138  0.11  0.094  0.141  0.136  0.08  0.137  0.155  0.092  0.113  0.158  0.125  0.107  0.137  0.066  0.138  0.109  0.049  0.124  0.066  0.09  0.107  0.055 
2013-07-24, 0.102  0.109  0.044  0.124  0.055  0.098  0.097  0.052  0.114  0.054  0.099  0.111  0.079  0.114  0.026  0.139  0.064  0.078  0.107  0.031  0.181  0.101  0.102  0.206  0.089  0.129  0.829  0.583  0.121  0.132  0.146  0.069  0.14  0.132  0.115  0.115  0.174  0.118  0.086  0.141  0.089  0.137  0.144  0.056  0.102  0.117  0.035  0.125 
2013-07-25, 0.068  0.085  0.108  0.042  0.112  0.082  0.071  0.12  0.028  0.125  0.056  0.119  0.112  0.059  0.107  0.043  0.126  0.084  0.098  0.153  0.06  0.128  0.101  0.038  0.108  0.112  0.076  0.144  0.136  0.063  0.143  0.141  0.073  0.133  0.195  0.102  0.153  0.139  0.062  0.143  0.117  0.073  0.122  0.03  0.123  0.076  0.077  0.108 
2013-07-26, 0.042  0.042  0.11  0.081  0.07  0.113  0.033  0.125  0.043  0.106  0.068  0.08  0.118  0.074  0.111  0.044  0.098  0.072  0.068  0.131  0.128  0.15  0.087  0.111  0.134  0.069  0.142  0.134  0.07  0.136  0.144  0.085  0.12  0.131  0.098  0.107  0.171  0.273  0.146  0.063  0.146  0.14  0.105  0.807  0.549  0.068  0.113  0.068  0.09 
2013-07-27, 0.113  0.039  0.117  0.072  0.08  0.106  0.042  0.123  0.036  0.115  0.062  0.111  0.111  0.06  0.109  0.036  0.13  0.108  0.105  0.126  0.07  0.146  0.089  0.11  0.134  0.118  0.086  0.145  0.134  0.116  0.088  0.145  0.132  0.066  0.14  0.164  0.082  0.146  0.149  0.099  0.113  0.073  0.082  0.118  0.045  0.109  0.103  0.045 
2013-07-28, 0.116  0.075  0.077  0.116  0.029  0.119  0.063  0.083  0.091  0.053  0.112  0.061  0.137  0.058  0.08  0.09  0.058  0.11  0.03  0.12  0.143  0.127  0.113  0.087  0.136  0.148  0.133  0.071  0.16  0.147  0.059  0.15  0.128  0.073  0.138  0.137  0.114  0.146  0.061  0.14  0.104  0.067  0.108  0.048  0.104  0.089  0.059  0.122 
2013-07-29, 0.027  0.122  0.064  0.082  0.08  0.071  0.097  0.051  0.109  0.036  0.117  0.081  0.119  0.068  0.073  0.089  0.051  0.115  0.026  0.121  0.035  0.109  0.061  0.083  0.101  0.041  0.108  0.067  0.08  0.118  0.026  0.147  0.102  0.161  0.137  0.099  0.158  0.116  0.083  0.138  0.064  0.153  0.104  0.073  0.106  0.041  0.122  0.027 
2013-07-30, 0.121  0.05  0.094  0.073  0.073  0.097  0.046  0.113  0.036  0.109  0.058  0.122  0.093  0.074  0.083  0.054  0.098  0.107  0.122  0.089  0.08  0.134  0.075  0.222  0.69  0.575  0.105  0.089  0.142  0.049  0.147  0.075  0.117  0.116  0.075  0.165  0.097  0.133  0.103  0.091  0.137  0.035  0.116  0.057  0.089  0.087  0.057  0.117 
2013-07-31, 0.025  0.126  0.041  0.105  0.065  0.078  0.087  0.056  0.109  0.032  0.119  0.085  0.112  0.07  0.067  0.094  0.041  0.117  0.038  0.207  0.11  0.114  0.078  0.133  0.058  0.706  0.223  0.067  0.27  0.091  0.107  0.132  0.075  0.125  0.155  0.091  0.148  0.077  0.121  0.147  0.065  0.112  0.057  0.092  0.097  0.049  0.122 
2013-08-01, 0.038  0.112  0.078  0.07  0.108  0.04  0.107  0.074  0.072  0.109  0.04  0.154  0.07  0.107  0.069  0.097  0.111  0.033  0.117  0.121  0.074  0.146  0.086  0.081  0.104  0.115  0.034  0.156  0.132  0.145  0.128  0.146  0.133  0.143  0.135  0.22  0.152  0.108  0.097  0.15  0.13  0.125  0.032  0.129  0.108  0.121  0.037  0.122 
2013-08-02, 0.112  0.093  0.064  0.118  0.105  0.047  0.122  0.087  0.068  0.111  0.07  0.1  0.134  0.022  0.124  0.076  0.068  0.105  0.057  0.086  0.107  0.035  0.117  0.07  0.074  0.114  0.04  0.188  0.133  0.077  0.124  0.144  0.075  0.154  0.169  0.149  0.18  0.143  0.076  0.123  0.134  0.449  0.479  0.476  0.084  0.107  0.038  0.114 
2013-08-03, 0.075  0.074  0.113  0.033  0.124  0.04  0.107  0.066  0.079  0.094  0.048  0.134  0.065  0.103  0.062  0.099  0.089  0.326  0.165  0.166  0.05  0.045  0.051  0.045  0.052  0.044  0.052  0.043  0.053  0.043  0.053  0.043  0.144  0.51  0.3  0.067  0.08  0.042  0.055  0.044  0.052  0.043  0.059  0.045  0.053  0.018  0.031  0.019 
2013-08-04, 0.032  0.018  0.032  0.018  0.032  0.018  0.031  0.019  0.032  0.018  0.031  0.045  0.059  0.029  0.031  0.017  0.031  0.017  0.03  0.017  0.03  0.029  0.03  0.017  0.03  0.016  0.112  0.017  0.031  0.018  0.031  0.037  0.047  0.044  0.057  0.067  0.071  0.098  0.057  0.054  0.038  0.018  0.031  0.018  0.031  0.018  0.03  0.02 
2013-08-05, 0.028  0.023  0.025  0.025  0.024  0.026  0.022  0.028  0.02  0.03  0.024  0.06  0.048  0.04  0.014  0.045  0.015  0.027  0.022  0.054  0.038  0.025  0.017  0.023  0.02  0.021  0.021  0.02  0.023  0.018  0.025  0.017  0.042  0.096  0.054  0.064  0.079  0.041  0.053  0.039  0.053  0.035  0.029  0.016  0.029  0.017  0.029  0.016 
2013-08-06, 0.029  0.017  0.028  0.019  0.024  0.022  0.02  0.027  0.017  0.029  0.024  0.057  0.038  0.024  0.015  0.02  0.019  0.013  0.08  0.014  0.025  0.1  0.054  0.042  0.053  0.041  0.053  0.04  0.206  0.041  0.055  0.041  0.054  0.041  0.053  0.065  0.077  0.041  0.06  0.041  0.053  0.303  0.57  0.469  0.03  0.017  0.03  0.018 
2013-08-07, 0.03  0.018  0.028  0.02  0.025  0.022  0.023  0.025  0.02  0.028  0.025  0.06  0.044  0.044  0.02  0.05  0.017  0.029  0.59  0.452  0.668  0.128  0.054  0.049  0.052  0.025  0.026  0.022  0.054  0.048  0.054  0.247  0.346  0.124  0.083  0.064  0.079  0.051  0.046  0.055  0.041  0.084  0.08  0.041  0.021  0.026  0.024  0.025 
2013-08-08, 0.026  0.022  0.028  0.022  0.027  0.021  0.028  0.02  0.027  0.021  0.033  0.052  0.048  0.04  0.035  0.044  0.021  0.026  0.056  0.047  0.054  0.035  0.025  0.021  0.022  0.025  0.032  0.055  0.044  0.058  0.029  0.052  0.044  0.133  0.043  0.077  0.057  0.055  0.04  0.054  0.04  0.078  0.017  0.03  0.017  0.028  0.02  0.025 
2013-08-09, 0.023  0.022  0.026  0.019  0.028  0.016  0.031  0.017  0.03  0.017  0.037  0.039  0.039  0.042  0.051  0.014  0.024  0.015  0.033  0.047  0.051  0.044  0.054  0.04  0.112  0.042  0.056  0.043  0.056  0.11  0.056  0.05  0.052  0.049  0.052  0.073  0.077  0.065  0.042  0.056  0.044  0.605  0.396  0.245  0.02  0.032  0.019  0.033 
2013-08-10, 0.019  0.032  0.019  0.033  0.019  0.032  0.019  0.032  0.019  0.03  0.029  0.059  0.053  0.041  0.049  0.03  0.03  0.054  0.051  0.051  0.053  0.047  0.057  0.046  0.139  0.046  0.06  0.046  0.059  0.045  0.059  0.05  0.059  0.046  0.055  0.123  0.077  0.047  0.05  0.049  0.046  0.05  0.02  0.031  0.019  0.032  0.019  0.032 
2013-08-11, 0.019  0.033  0.019  0.032  0.019  0.032  0.019  0.031  0.02  0.028  0.03  0.054  0.053  0.016  0.031  0.041  0.028  0.016  0.028  0.038  0.056  0.043  0.055  0.048  0.056  0.043  0.126  0.045  0.05  0.049  0.046  0.052  0.043  0.055  0.102  0.079  0.07  0.06  0.043  0.09  0.087  0.109  0.081  0.033  0.019  0.03  0.021  0.026 
2013-08-12, 0.025  0.02  0.031  0.019  0.032  0.019  0.032  0.02  0.03  0.021  0.032  0.058  0.036  0.028  0.035  0.029  0.015  0.028  0.041  0.056  0.039  0.026  0.018  0.022  0.021  0.019  0.024  0.016  0.027  0.015  0.05  0.043  0.056  0.042  0.056  0.067  0.08  0.047  0.05  0.063  0.067  0.054  0.027  0.025  0.023  0.028  0.019  0.031 
2013-08-13, 0.019  0.032  0.019  0.032  0.02  0.032  0.019  0.028  0.022  0.022  0.035  0.051  0.059  0.041  0.051  0.019  0.059  0.046  0.053  0.018  0.042  0.047  0.053  0.121  0.05  0.054  0.046  0.057  0.045  0.059  0.045  0.059  0.274  0.185  0.046  0.082  0.07  0.055  0.049  0.058  0.045  0.03  0.023  0.024  0.027  0.019  0.032  0.019 
2013-08-14, 0.032  0.019  0.033  0.019  0.029  0.022  0.023  0.028  0.02  0.032  0.026  0.064  0.046  0.043  0.043  0.02  0.029  0.024  0.815  0.484  0.098  0.018  0.031  0.019  0.035  0.046  0.12  0.101  0.061  0.045  0.06  0.049  0.058  0.051  0.054  0.075  0.067  0.06  0.068  0.057  0.09  0.035  0.021  0.03  0.021  0.029  0.022  0.029 
2013-08-15, 0.023  0.026  0.025  0.024  0.027  0.021  0.029  0.018  0.032  0.019  0.039  0.05  0.062  0.035  0.055  0.018  0.028  0.021  0.046  0.047  0.061  0.32  0.18  0.138  0.056  0.049  0.038  0.038  0.051  0.053  0.055  0.05  0.124  0.05  0.054  0.073  0.067  0.051  0.05  0.048  0.049  0.041  0.021  0.031  0.02  0.033  0.019  0.032 
2013-08-16, 0.018  0.032  0.019  0.032  0.018  0.032  0.019  0.032  0.018  0.03  0.028  0.057  0.053  0.031  0.026  0.021  0.028  0.04  0.053  0.05  0.111  0.045  0.059  0.045  0.059  0.045  0.059  0.045  0.324  0.25  0.297  0.254  0.067  0.046  0.063  0.067  0.077  0.046  0.054  0.05  0.048  0.033  0.025  0.029  0.023  0.029  0.022  0.028 
2013-08-17, 0.024  0.025  0.025  0.023  0.028  0.02  0.031  0.019  0.032  0.019  0.039  0.051  0.06  0.04  0.046  0.058  0.03  0.03  0.032  0.031  0.017  0.031  0.037  0.563  0.055  0.059  0.046  0.058  0.109  0.357  0.208  0.075  0.049  0.054  0.053  0.073  0.081  0.042  0.086  0.097  0.109  0.063  0.04  0.019  0.033  0.019  0.033  0.019 
2013-08-18, 0.031  0.022  0.025  0.027  0.022  0.03  0.019  0.033  0.019  0.033  0.027  0.065  0.048  0.059  0.017  0.029  0.021  0.025  0.025  0.026  0.024  0.119  0.028  0.018  0.032  0.018  0.033  0.018  0.033  0.019  0.031  0.021  0.025  0.027  0.02  0.054  0.043  0.056  0.042  0.06  0.102  0.095  0.022  0.031  0.019  0.033  0.019  0.034 
2013-08-19, 0.019  0.033  0.019  0.032  0.021  0.027  0.025  0.023  0.029  0.02  0.04  0.049  0.057  0.02  0.033  0.015  0.05  0.016  0.054  0.042  0.055  0.017  0.028  0.017  0.027  0.018  0.026  0.019  0.024  0.021  0.039  0.051  0.045  0.125  0.048  0.077  0.074  0.057  0.045  0.057  0.052  0.069  0.091  0.06  0.019  0.033  0.019  0.033 
2013-08-20, 0.019  0.033  0.02  0.03  0.022  0.026  0.026  0.02  0.031  0.019  0.04  0.052  0.063  0.037  0.028  0.021  0.023  0.027  0.018  0.032  0.019  0.031  0.019  0.032  0.032  0.06  0.046  0.06  0.054  0.053  0.053  0.054  0.053  0.072  0.296  0.237  0.134  0.05  0.051  0.045  0.071  0.032  0.033  0.02  0.033  0.02  0.034  0.018 
2013-08-21, 0.031  0.022  0.026  0.026  0.021  0.032  0.019  0.033  0.019  0.032  0.026  0.059  0.041  0.025  0.039  0.022  0.023  0.017  0.034  0.045  0.055  0.046  0.029  0.018  0.027  0.017  0.028  0.016  0.059  0.046  0.059  0.042  0.058  0.055  0.694  0.438  0.371  0.059  0.043  0.057  0.052  0.098  0.052  0.021  0.034  0.019  0.034  0.019 
2013-08-22, 0.033  0.019  0.034  0.019  0.034  0.019  0.033  0.019  0.033  0.019  0.036  0.052  0.054  0.044  0.035  0.03  0.017  0.051  0.045  0.062  0.021  0.033  0.018  0.03  0.02  0.036  0.285  0.205  0.105  0.045  0.061  0.045  0.059  0.045  0.06  0.068  0.076  0.042  0.058  0.051  0.101  0.074  0.1  0.023  0.029  0.024  0.025  0.026 
2013-08-23, 0.022  0.03  0.019  0.033  0.019  0.033  0.019  0.033  0.019  0.032  0.027  0.074  0.047  0.018  0.026  0.024  0.056  0.022  0.029  0.015  0.058  0.043  0.061  0.042  0.053  0.046  0.052  0.078  0.097  0.082  0.064  0.042  0.064  0.043  0.561  0.496  0.082  0.043  0.056  0.06  0.112  0.046  0.03  0.024  0.028  0.025  0.029  0.023 
2013-08-24, 0.03  0.022  0.031  0.019  0.035  0.019  0.034  0.019  0.034  0.02  0.04  0.047  0.048  0.064  0.064  0.069  0.063  0.074  0.135  0.08  0.711  0.303  0.062  0.106  0.088  0.097  0.092  0.103  0.172  0.121  0.045  0.054  0.047  0.05  0.05  0.075  0.076  0.051  0.061  0.053  0.071  0.031  0.028  0.02  0.031  0.02  0.033  0.019 
2013-08-25, 0.033  0.019  0.032  0.02  0.028  0.024  0.023  0.03  0.019  0.032  0.026  0.065  0.049  0.051  0.04  0.038  0.028  0.347  0.128  0.019  0.061  0.045  0.06  0.019  0.03  0.08  0.054  0.053  0.047  0.058  0.045  0.06  0.046  0.06  0.045  0.082  0.07  0.202  0.646  0.667  0.335  0.097  0.02  0.03  0.023  0.026  0.028  0.02 
2013-08-26, 0.032  0.032  0.02  0.033  0.02  0.033  0.019  0.031  0.022  0.025  0.027  0.026  0.066  0.049  0.053  0.02  0.032  0.036  0.028  0.022  0.024  0.036  0.063  0.045  0.062  0.045  0.06  0.049  0.1  0.085  0.098  0.086  0.097  0.055  0.064  0.044  0.084  0.06  0.058  0.042  0.053  0.019  0.034  0.019  0.034  0.019  0.032  0.021  0.03 
2013-08-27, 0.023  0.026  0.026  0.022  0.03  0.019  0.034  0.019  0.033  0.019  0.04  0.052  0.04  0.025  0.027  0.031  0.021  0.032  0.018  0.032  0.018  0.03  0.019  0.025  0.024  0.02  0.03  0.017  0.037  0.018  0.033  0.017  0.033  0.086  0.061  0.067  0.076  0.043  0.056  0.043  0.1  0.03  0.024  0.029  0.019  0.034  0.02  0.033 
2013-08-28, 0.019  0.032  0.02  0.025  0.027  0.019  0.032  0.019  0.033  0.019  0.036  0.055  0.049  0.051  0.036  0.057  0.02  0.033  0.018  0.051  0.047  0.092  0.875  0.53  0.392  0.054  0.053  0.051  0.055  0.047  0.058  0.045  0.06  0.121  0.061  0.068  0.076  0.043  0.059  0.052  0.066  0.094  0.11  0.021  0.033  0.019  0.034  0.018 
2013-08-29, 0.03  0.022  0.025  0.026  0.021  0.031  0.018  0.033  0.019  0.032  0.025  0.06  0.049  0.028  0.028  0.018  0.032  0.018  0.032  0.018  0.029  0.021  0.092  0.052  0.047  0.13  0.046  0.06  0.045  0.06  0.046  0.055  0.05  0.05  0.055  0.066  0.069  0.043  0.057  0.077  0.109  0.099  0.112  0.022  0.029  0.024  0.024  0.029 
2013-08-30, 0.019  0.033  0.019  0.033  0.019  0.032  0.02  0.026  0.026  0.019  0.033  0.049  0.061  0.025  0.049  0.025  0.023  0.022  0.029  0.053  0.045  0.054  0.047  0.053  0.043  0.057  0.043  0.059  0.067  0.117  0.042  0.059  0.042  0.059  0.043  0.083  0.07  0.058  0.043  0.1  0.543  0.179  0.104  0.027  0.028  0.022  0.032  0.019 
2013-08-31, 0.033  0.02  0.034  0.019  0.034  0.019  0.033  0.019  0.033  0.019  0.031  0.048  0.056  0.025  0.021  0.025  0.05  0.027  0.015  0.03  0.037  0.052  0.047  0.132  0.048  0.052  0.044  0.057  0.055  0.047  0.056  0.045  0.054  0.047  0.051  0.073  0.077  0.051  0.046  0.094  0.097  0.112  0.098  0.11  0.096  0.041  0.019  0.033 
2013-09-01, 0.019  0.032  0.019  0.029  0.023  0.023  0.028  0.019  0.032  0.019  0.039  0.052  0.036  0.019  0.024  0.025  0.019  0.03  0.018  0.031  0.338  0.23  0.13  0.054  0.05  0.048  0.056  0.046  0.059  0.045  0.112  0.046  0.059  0.045  0.056  0.07  0.071  0.054  0.044  0.067  0.093  0.099  0.02  0.033  0.019  0.027  0.025  0.02 
2013-09-02, 0.033  0.019  0.033  0.019  0.029  0.022  0.022  0.03  0.019  0.032  0.027  0.063  0.051  0.047  0.038  0.043  0.032  0.027  0.06  0.045  0.06  0.045  0.06  0.037  0.033  0.019  0.032  0.018  0.03  0.021  0.025  0.025  0.022  0.043  0.046  0.082  0.062  0.057  0.043  0.064  0.056  0.066  0.07  0.034  0.023  0.026  0.027  0.02 
2013-09-03, 0.033  0.019  0.033  0.019  0.033  0.019  0.028  0.024  0.021  0.03  0.027  0.064  0.048  0.048  0.041  0.026  0.024  0.021  0.101  0.046  0.06  0.046  0.06  0.045  0.059  0.047  0.053  0.051  0.049  0.091  0.353  0.056  0.048  0.058  0.046  0.29  0.578  0.553  0.458  0.429  0.057  0.068  0.052  0.047  0.019  0.034  0.02  0.03 
2013-09-04, 0.023  0.026  0.027  0.022  0.031  0.019  0.033  0.019  0.032  0.02  0.04  0.049  0.058  0.02  0.044  0.021  0.02  0.044  0.046  0.054  0.043  0.056  0.04  0.03  0.015  0.03  0.042  0.058  0.043  0.067  0.044  0.06  0.043  0.062  0.042  0.085  0.068  0.06  0.045  0.072  0.099  0.069  0.029  0.032  0.02  0.033  0.019  0.034 
2013-09-05, 0.019  0.034  0.019  0.034  0.02  0.034  0.02  0.034  0.019  0.034  0.018  0.058  0.037  0.028  0.024  0.021  0.024  0.017  0.031  0.032  0.059  0.042  0.058  0.043  0.058  0.042  0.056  0.045  0.053  0.059  0.043  0.059  0.042  0.059  0.042  0.085  0.062  0.059  0.044  0.068  0.054  0.055  0.021  0.032  0.022  0.029  0.025  0.025 
2013-09-06, 0.028  0.021  0.033  0.019  0.034  0.019  0.034  0.019  0.034  0.019  0.03  0.049  0.052  0.028  0.019  0.05  0.027  0.033  0.075  0.061  0.045  0.06  0.117  0.062  0.046  0.058  0.048  0.071  0.049  0.055  0.051  0.05  0.056  0.045  0.06  0.069  0.078  0.044  0.062  0.073  0.076  0.055  0.07  0.1  0.112  0.022  0.033  0.025 
2013-09-07, 0.027  0.031  0.022  0.037  0.022  0.037  0.022  0.029  0.028  0.022  0.041  0.032  0.033  0.019  0.026  0.026  0.019  0.029  0.015  0.03  0.015  0.02  0.025  0.018  0.638  0.512  0.629  0.122  0.046  0.337  0.181  0.198  0.067  0.056  0.044  0.072  0.079  0.051  0.063  0.052  0.059  0.068  0.058  0.078  0.053  0.035  0.019  0.028 
2013-09-08, 0.025  0.019  0.033  0.02  0.027  0.025  0.019  0.033  0.019  0.027  0.032  0.051  0.064  0.049  0.056  0.056  0.018  0.032  0.018  0.028  0.046  0.766  0.33  0.045  0.128  0.045  0.052  0.744  0.495  0.096  0.044  0.057  0.048  0.045  0.059  0.068  0.083  0.043  0.06  0.057  0.049  0.033  0.019  0.031  0.021  0.02  0.032  0.019 
2013-09-09, 0.033  0.02  0.021  0.031  0.019  0.033  0.019  0.024  0.028  0.02  0.039  0.05  0.025  0.026  0.038  0.029  0.016  0.029  0.015  0.022  0.022  0.016  0.028  0.016  0.025  0.019  0.015  0.028  0.016  0.027  0.117  0.047  0.053  0.042  0.056  0.068  0.075  0.069  0.052  0.208  0.02  0.03  0.022  0.02  0.033  0.02  0.029  0.023 
2013-09-10, 0.019  0.032  0.019  0.026  0.026  0.019  0.032  0.019  0.02  0.031  0.025  0.062  0.052  0.093  0.06  0.046  0.052  0.052  0.028  0.031  0.091  0.06  0.045  0.051  0.054  0.063  0.064  0.045  0.054  0.053  0.045  0.187  0.451  0.106  0.093  0.116  0.082  0.043  0.058  0.247  0.034  0.018  0.024  0.029  0.019  0.033  0.019  0.026 
2013-09-11, 0.026  0.019  0.033  0.019  0.028  0.023  0.019  0.031  0.019  0.029  0.028  0.051  0.063  0.05  0.061  0.05  0.046  0.058  0.026  0.031  0.076  0.06  0.046  0.054  0.055  0.095  0.185  0.091  0.106  0.092  0.106  0.057  0.053  0.055  0.078  0.088  0.074  0.089  0.077  0.071  0.08  0.183  0.034  0.022  0.037  0.022  0.036  0.023 
2013-09-12, 0.031  0.027  0.023  0.034  0.023  0.036  0.022  0.032  0.027  0.022  0.041  0.051  0.063  0.049  0.068  0.028  0.018  0.032  0.018  0.088  0.018  0.024  0.025  0.018  0.032  0.019  0.032  0.018  0.024  0.095  0.044  0.059  0.045  0.059  0.046  0.075  0.072  0.053  0.667  0.552  0.121  0.038  0.022  0.029  0.019  0.033  0.019  0.03 
2013-09-13, 0.022  0.019  0.033  0.019  0.033  0.019  0.023  0.029  0.019  0.033  0.026  0.058  0.056  0.057  0.036  0.018  0.031  0.018  0.023  0.027  0.018  0.031  0.145  0.061  0.045  0.059  0.045  0.058  0.047  0.053  0.052  0.045  0.059  0.045  0.059  0.069  0.125  0.097  0.107  0.102  0.09  0.122  0.02  0.033  0.019  0.029  0.024  0.019 
2013-09-14, 0.033  0.019  0.032  0.021  0.02  0.032  0.019  0.032  0.019  0.022  0.035  0.051  0.065  0.05  0.054  0.052  0.034  0.031  0.018  0.03  0.025  0.48  0.088  0.114  0.071  0.08  0.145  0.086  0.09  0.058  0.046  0.06  0.045  0.052  0.052  0.067  0.074  0.15  0.033  0.019  0.024  0.029  0.019  0.032  0.019  0.025  0.028  0.019 
2013-09-15, 0.032  0.019  0.023  0.029  0.02  0.032  0.02  0.019  0.032  0.019  0.036  0.055  0.051  0.062  0.049  0.086  0.033  0.018  0.031  0.018  0.025  0.024  0.02  0.03  0.018  0.03  0.018  0.637  0.511  0.046  0.059  0.045  0.151  0.021  0.02  0.057  0.044  0.026  0.026  0.019  0.033  0.019  0.023  0.03  0.019  0.032  0.02  0.019 
2013-09-16, 0.033  0.019  0.025  0.026  0.02  0.033  0.019  0.02  0.032  0.02  0.031  0.06  0.05  0.052  0.019  0.018  0.031  0.018  0.021  0.028  0.018  0.028  0.021  0.018  0.031  0.017  0.018  0.032  0.018  0.025  0.024  0.024  0.132  0.047  0.052  0.075  0.07  0.059  0.157  0.056  0.024  0.019  0.033  0.019  0.025  0.027  0.02  0.032 
2013-09-17, 0.019  0.02  0.032  0.019  0.021  0.031  0.02  0.027  0.025  0.019  0.039  0.052  0.051  0.063  0.05  0.052  0.059  0.034  0.031  0.018  0.036  0.052  0.045  0.059  0.046  0.052  0.052  0.046  0.059  0.046  0.15  0.086  0.073  0.087  0.074  0.081  0.08  0.07  0.073  0.067  0.08  0.137  0.022  0.036  0.022  0.035  0.024  0.022 
2013-09-18, 0.036  0.022  0.035  0.023  0.023  0.034  0.023  0.035  0.023  0.025  0.038  0.051  0.062  0.043  0.046  0.028  0.018  0.031  0.018  0.026  0.031  0.045  0.059  0.029  0.03  0.019  0.018  0.03  0.042  0.061  0.045  0.049  0.078  0.063  0.079  0.073  0.089  0.059  0.073  0.058  0.235  0.146  0.038  0.025  0.03  0.029  0.024  0.035 
2013-09-19, 0.023  0.036  0.022  0.036  0.023  0.029  0.03  0.023  0.036  0.023  0.04  0.053  0.05  0.063  0.05  0.039  0.018  0.023  0.027  0.018  0.091  0.018  0.025  0.024  0.018  0.032  0.018  0.026  0.031  0.046  0.059  0.045  0.056  0.051  0.046  0.08  0.062  0.073  0.472  0.436  0.487  0.097  0.034  0.02  0.025  0.027  0.02  0.033 
2013-09-20, 0.019  0.019  0.033  0.02  0.026  0.026  0.019  0.033  0.019  0.019  0.038  0.051  0.055  0.056  0.049  0.032  0.018  0.044  0.05  0.047  0.057  0.045  0.059  0.045  0.049  0.307  0.201  0.091  0.046  0.05  0.055  0.045  0.059  0.045  0.05  0.076  0.067  0.065  0.06  0.086  0.02  0.023  0.029  0.02  0.032  0.02  0.019  0.033 
2013-09-21, 0.019  0.029  0.023  0.02  0.032  0.019  0.023  0.029  0.019  0.031  0.027  0.052  0.062  0.049  0.049  0.027  0.019  0.032  0.038  0.019  0.032  0.035  0.055  0.051  0.045  0.06  0.046  0.05  0.055  0.057  0.052  0.046  0.06  0.07  0.107  0.111  0.125  0.096  0.031  0.031  0.02  0.033  0.019  0.023  0.03  0.019  0.034  0.019 
2013-09-22, 0.021  0.032  0.02  0.031  0.021  0.019  0.033  0.02  0.027  0.025  0.027  0.065  0.05  0.055  0.056  0.05  0.04  0.018  0.027  0.048  0.045  0.138  0.045  0.687  0.422  0.727  0.125  0.06  0.064  0.046  0.06  0.048  0.05  0.06  0.049  0.082  0.069  0.098  0.094  0.414  0.343  0.02  0.033  0.02  0.025  0.028  0.019  0.033 
2013-09-23, 0.02  0.029  0.023  0.02  0.033  0.019  0.033  0.02  0.021  0.032  0.026  0.065  0.05  0.054  0.064  0.019  0.053  0.046  0.055  0.034  0.018  0.033  0.019  0.031  0.02  0.02  0.037  0.047  0.063  0.046  0.055  0.05  0.05  0.057  0.046  0.083  0.067  0.055  0.049  0.106  0.103  0.095  0.104  0.02  0.033  0.019  0.024  0.029 
2013-09-24, 0.02  0.032  0.019  0.027  0.025  0.019  0.032  0.019  0.027  0.024  0.027  0.064  0.049  0.059  0.052  0.018  0.032  0.018  0.058  0.068  0.062  0.076  0.062  0.075  0.064  0.099  0.091  0.062  0.057  0.037  0.035  0.018  0.036  0.056  0.046  0.081  0.059  0.058  0.055  0.03  0.023  0.02  0.032  0.019  0.033  0.019  0.025  0.027 
2013-09-25, 0.019  0.033  0.019  0.031  0.021  0.02  0.031  0.019  0.032  0.019  0.03  0.059  0.049  0.063  0.059  0.049  0.022  0.018  0.052  0.046  0.059  0.046  0.054  0.053  0.047  0.058  0.046  0.061  0.045  0.061  0.052  0.055  0.139  0.058  0.05  0.077  0.113  0.101  0.108  0.097  0.111  0.095  0.12  0.105  0.111  0.019  0.032  0.021 
2013-09-26, 0.025  0.025  0.027  0.02  0.033  0.02  0.033  0.02  0.026  0.026  0.019  0.04  0.051  0.063  0.05  0.044  0.046  0.033  0.042  0.018  0.058  0.108  0.054  0.052  0.054  0.057  0.051  0.06  0.046  0.071  0.046  0.053  0.189  0.18  0.182  0.059  0.084  0.06  0.058  0.065  0.044  0.028  0.034  0.039  0.029  0.036  0.022  0.031  0.029 
2013-09-27, 0.022  0.036  0.022  0.033  0.025  0.021  0.036  0.022  0.035  0.022  0.029  0.064  0.05  0.039  0.021  0.025  0.032  0.018  0.032  0.018  0.027  0.023  0.018  0.032  0.018  0.028  0.024  0.018  0.032  0.019  0.032  0.019  0.023  0.027  0.022  0.057  0.036  0.031  0.022  0.019  0.033  0.019  0.032  0.02  0.022  0.03  0.02  0.032 
2013-09-28, 0.02  0.024  0.028  0.02  0.032  0.019  0.023  0.028  0.019  0.032  0.026  0.055  0.059  0.049  0.063  0.048  0.11  0.176  0.526  0.037  0.018  0.032  0.018  0.026  0.024  0.054  0.074  0.062  0.078  0.065  0.059  0.022  0.019  0.033  0.019  0.057  0.044  0.022  0.031  0.019  0.034  0.019  0.025  0.028  0.02  0.033  0.02  0.025 
2013-09-29, 0.027  0.02  0.033  0.019  0.023  0.029  0.02  0.033  0.02  0.021  0.038  0.053  0.064  0.049  0.051  0.048  0.018  0.052  0.018  0.093  0.028  0.177  0.189  0.023  0.032  0.02  0.02  0.032  0.019  0.033  0.019  0.097  0.027  0.043  0.06  0.067  0.079  0.098  0.022  0.034  0.019  0.025  0.027  0.02  0.032  0.02  0.023  0.028 
2013-09-30, 0.019  0.032  0.019  0.023  0.028  0.019  0.033  0.019  0.023  0.029  0.025  0.065  0.05  0.029  0.055  0.018  0.03  0.033  0.051  0.031  0.018  0.032  0.018  0.024  0.026  0.018  0.032  0.018  0.026  0.024  0.019  0.032  0.038  0.056  0.05  0.068  0.08  0.046  0.113  0.098  0.093  0.03  0.02  0.033  0.019  0.021  0.031  0.019 
2013-10-01, 0.032  0.021  0.019  0.033  0.02  0.028  0.025  0.019  0.034  0.019  0.027  0.062  0.05  0.054  0.043  0.019  0.035  0.018  0.032  0.018  0.022  0.029  0.019  0.037  0.053  0.05  0.058  0.046  0.06  0.046  0.112  0.047  0.053  0.052  0.046  0.091  0.087  0.077  0.056  0.057  0.023  0.02  0.032  0.019  0.033  0.019  0.023  0.029 
2013-10-02, 0.019  0.032  0.019  0.023  0.029  0.019  0.033  0.019  0.022  0.029  0.026  0.064  0.049  0.05  0.063  0.05  0.057  0.019  0.019  0.032  0.553  0.098  0.047  0.048  0.057  0.046  0.295  0.196  0.061  0.045  0.06  0.124  0.056  0.049  0.049  0.111  0.082  0.069  0.052  0.063  0.056  0.054  0.067  0.02  0.033  0.02  0.024  0.028 
2013-10-03, 0.02  0.033  0.02  0.027  0.025  0.019  0.032  0.019  0.03  0.022  0.026  0.065  0.049  0.061  0.052  0.045  0.052  0.02  0.031  0.018  0.021  0.029  0.019  0.031  0.018  0.024  0.36  0.469  0.077  0.063  0.106  0.091  0.059  0.055  0.062  0.089  0.073  0.084  0.083  0.126  0.038  0.021  0.036  0.022  0.031  0.028  0.022  0.036 
2013-10-04, 0.023  0.033  0.025  0.021  0.036  0.022  0.036  0.023  0.024  0.033  0.028  0.064  0.05  0.041  0.053  0.036  0.033  0.018  0.026  0.18  0.057  0.05  0.049  0.057  0.045  0.06  0.046  0.063  0.045  0.057  0.048  0.05  0.055  0.053  0.174  0.111  0.128  0.088  0.099  0.11  0.103  0.042  0.019  0.034  0.02  0.028  0.024  0.019 
2013-10-05, 0.034  0.019  0.033  0.019  0.025  0.028  0.019  0.034  0.019  0.029  0.03  0.052  0.063  0.05  0.058  0.037  0.047  0.028  0.018  0.032  0.018  0.035  0.04  0.054  0.052  0.045  0.061  0.046  0.059  0.047  0.048  0.094  0.09  0.108  0.09  0.118  0.12  0.088  0.099  0.02  0.033  0.02  0.021  0.032  0.019  0.033  0.02  0.022 
2013-10-06, 0.031  0.019  0.032  0.019  0.022  0.03  0.019  0.033  0.02  0.02  0.039  0.052  0.062  0.051  0.049  0.042  0.017  0.03  0.079  0.05  0.055  0.045  0.059  0.046  0.052  0.053  0.046  0.136  0.046  0.057  0.051  0.046  0.06  0.046  0.064  0.112  0.105  0.117  0.099  0.114  0.056  0.037  0.022  0.02  0.033  0.019  0.032  0.02 
2013-10-07, 0.02  0.033  0.02  0.029  0.023  0.02  0.032  0.019  0.024  0.027  0.026  0.064  0.05  0.044  0.057  0.019  0.087  0.64  0.03  0.028  0.018  0.032  0.018  0.021  0.029  0.018  0.032  0.018  0.019  0.032  0.019  0.03  0.035  0.046  0.059  0.183  0.136  0.099  0.113  0.099  0.046  0.024  0.02  0.033  0.019  0.033  0.019  0.025 
2013-10-08, 0.028  0.019  0.033  0.019  0.029  0.023  0.019  0.032  0.02  0.029  0.029  0.052  0.062  0.048  0.055  0.02  0.078  0.283  0.163  0.169  0.018  0.021  0.026  0.018  0.054  0.045  0.059  0.046  0.048  0.057  0.046  0.06  0.045  0.057  0.127  0.07  0.09  0.052  0.066  0.052  0.057  0.027  0.02  0.033  0.018  0.027  0.026  0.02 
2013-10-09, 0.032  0.02  0.026  0.026  0.019  0.033  0.019  0.025  0.026  0.019  0.039  0.051  0.052  0.059  0.049  0.06  0.037  0.037  0.101  0.045  0.06  0.045  0.054  0.021  0.019  0.031  0.018  0.059  0.046  0.051  0.054  0.045  0.06  0.047  0.06  0.068  0.08  0.053  0.067  0.064  0.07  0.1  0.1  0.033  0.019  0.033  0.019  0.025 
2013-10-10, 0.028  0.02  0.033  0.019  0.024  0.029  0.019  0.033  0.019  0.019  0.038  0.051  0.059  0.055  0.05  0.052  0.018  0.022  0.027  0.02  0.06  0.046  0.059  0.045  0.058  0.047  0.049  0.055  0.046  0.058  0.046  0.056  0.098  0.048  0.057  0.068  0.089  0.057  0.06  0.113  0.099  0.045  0.02  0.019  0.032  0.019  0.027  0.025 
2013-10-11, 0.019  0.033  0.02  0.019  0.032  0.02  0.022  0.03  0.019  0.025  0.032  0.052  0.06  0.053  0.051  0.062  0.047  0.055  0.073  0.047  0.069  0.074  0.085  0.052  0.039  0.039  0.019  0.033  0.019  0.051  0.056  0.154  0.061  0.046  0.054  0.082  0.115  0.682  0.055  0.063  0.019  0.025  0.028  0.019  0.033  0.02  0.024  0.029 
2013-10-12, 0.02  0.033  0.02  0.019  0.033  0.02  0.029  0.023  0.02  0.032  0.026  0.051  0.063  0.051  0.054  0.059  0.044  0.03  0.027  0.047  0.422  1.038  0.317  0.137  0.047  0.06  0.047  0.049  0.057  0.046  0.058  0.049  0.046  0.059  0.051  0.078  0.084  0.056  0.076  0.097  0.187  0.053  0.02  0.031  0.021  0.019  0.033  0.02 
2013-10-13, 0.019  0.032  0.019  0.025  0.027  0.019  0.031  0.021  0.02  0.032  0.026  0.053  0.063  0.05  0.053  0.058  0.05  0.083  0.051  0.047  0.061  0.023  0.044  0.051  0.046  0.059  0.598  0.296  0.055  0.046  0.06  0.046  0.046  0.058  0.046  0.09  0.104  0.178  0.033  0.019  0.019  0.032  0.02  0.021  0.031  0.019  0.023  0.029 
2013-10-14, 0.02  0.023  0.028  0.02  0.025  0.027  0.019  0.027  0.024  0.019  0.036  0.055  0.051  0.061  0.071  0.026  0.042  0.046  0.043  0.031  0.018  0.025  0.025  0.018  0.032  0.018  0.018  0.032  0.018  0.02  0.03  0.019  0.052  0.052  0.046  0.089  0.16  0.102  0.114  0.098  0.1  0.208  0.128  0.029  0.023  0.02  0.032  0.02 
2013-10-15, 0.019  0.033  0.019  0.025  0.027  0.02  0.03  0.022  0.019  0.032  0.026  0.051  0.064  0.05  0.051  0.05  0.018  0.024  0.025  0.018  0.058  0.1  0.046  0.059  0.046  0.079  0.084  0.074  0.088  0.074  0.076  0.085  0.069  0.078  0.065  0.07  0.087  0.07  0.087  0.122  0.029  0.031  0.023  0.036  0.022  0.026  0.032  0.023 
2013-10-16, 0.036  0.022  0.022  0.036  0.022  0.031  0.027  0.022  0.036  0.022  0.028  0.064  0.05  0.059  0.055  0.067  0.035  0.018  0.049  0.048  0.044  0.032  0.018  0.031  0.048  0.046  0.061  0.785  0.403  0.052  0.046  0.066  0.648  0.048  0.057  0.067  0.092  0.058  0.053  0.066  0.074  0.209  0.024  0.019  0.033  0.02  0.021  0.031 
2013-10-17, 0.019  0.029  0.023  0.02  0.033  0.02  0.019  0.033  0.02  0.022  0.036  0.052  0.059  0.056  0.051  0.054  0.018  0.018  0.049  0.046  0.053  0.022  0.018  0.031  0.018  0.021  0.029  0.118  0.172  0.226  0.053  0.054  0.051  0.055  0.047  0.085  0.075  0.068  0.06  0.114  0.225  0.032  0.023  0.02  0.034  0.019  0.033  0.02 
2013-10-18, 0.023  0.03  0.02  0.033  0.02  0.02  0.033  0.02  0.029  0.023  0.026  0.066  0.049  0.053  0.062  0.025  0.043  0.047  0.046  0.059  0.046  0.053  0.053  0.046  0.067  0.049  0.067  0.126  0.057  0.049  0.05  0.072  0.476  0.222  0.06  0.092  0.077  0.064  0.055  0.054  0.07  0.037  0.034  0.019  0.03  0.023  0.019  0.033 
2013-10-19, 0.02  0.03  0.022  0.02  0.033  0.019  0.027  0.026  0.02  0.033  0.026  0.052  0.064  0.049  0.033  0.036  0.035  0.032  0.021  0.062  0.046  0.11  0.055  0.046  0.059  0.046  0.063  0.097  0.087  0.1  0.086  0.417  0.466  0.849  0.268  0.078  0.092  0.09  0.034  0.03  0.019  0.033  0.02  0.019  0.034  0.019  0.03  0.023 
2013-10-20, 0.019  0.033  0.019  0.025  0.028  0.019  0.033  0.02  0.019  0.033  0.026  0.059  0.055  0.05  0.064  0.023  0.023  0.026  0.018  0.349  0.633  0.661  0.425  0.087  0.033  0.018  0.078  0.057  0.046  0.06  0.046  0.099  0.098  0.091  0.185  0.077  0.086  0.052  0.062  0.062  0.032  0.033  0.02  0.032  0.022  0.02  0.033  0.02 
2013-10-21, 0.031  0.023  0.02  0.033  0.02  0.027  0.026  0.02  0.033  0.019  0.026  0.064  0.052  0.06  0.065  0.019  0.034  0.019  0.033  0.018  0.022  0.029  0.018  0.032  0.019  0.021  0.03  0.018  0.032  0.019  0.019  0.056  0.047  0.058  0.051  0.077  0.092  0.073  0.106  0.105  0.098  0.046  0.02  0.026  0.026  0.02  0.033  0.019 
2013-10-22, 0.023  0.029  0.019  0.033  0.019  0.019  0.033  0.019  0.027  0.024  0.025  0.065  0.051  0.048  0.032  0.037  0.032  0.018  0.255  0.667  0.067  0.131  0.105  0.046  0.059  0.046  0.083  0.094  0.092  0.105  0.15  0.107  0.093  0.076  0.051  0.085  0.096  0.058  0.073  0.043  0.02  0.033  0.02  0.022  0.03  0.019  0.032  0.021 
2013-10-23, 0.019  0.033  0.02  0.025  0.028  0.019  0.033  0.019  0.02  0.032  0.025  0.059  0.057  0.05  0.064  0.049  0.023  0.028  0.018  0.033  0.018  0.03  0.091  0.052  0.054  0.045  0.06  0.045  0.051  0.054  0.046  0.06  0.045  0.112  0.052  0.077  0.11  0.723  0.556  0.052  0.07  0.034  0.019  0.034  0.019  0.032  0.021  0.02 
2013-10-24, 0.033  0.02  0.032  0.021  0.02  0.033  0.019  0.029  0.023  0.019  0.039  0.052  0.073  0.061  0.047  0.033  0.019  0.023  0.059  0.046  0.053  0.053  0.045  0.06  0.045  0.128  0.055  0.018  0.033  0.019  0.049  0.058  0.118  0.061  0.052  0.083  0.099  0.055  0.069  0.056  0.022  0.031  0.019  0.03  0.023  0.019  0.033  0.019 
2013-10-25, 0.023  0.029  0.019  0.031  0.021  0.019  0.033  0.019  0.022  0.028  0.026  0.062  0.053  0.049  0.083  0.028  0.023  0.027  0.088  0.059  0.046  0.059  0.047  0.046  0.325  0.19  0.107  0.047  0.046  0.059  0.046  0.056  0.048  0.046  0.059  0.173  0.092  0.052  0.056  0.063  0.053  0.072  0.051  0.019  0.033  0.02  0.03  0.021 
2013-10-26, 0.019  0.033  0.019  0.024  0.028  0.019  0.033  0.019  0.02  0.032  0.026  0.061  0.053  0.05  0.062  0.05  0.043  0.023  0.018  0.102  0.045  0.056  0.11  0.051  0.054  0.046  0.059  0.046  0.052  0.054  0.046  0.072  0.046  0.06  0.065  0.076  0.341  0.831  0.064  0.027  0.028  0.033  0.019  0.03  0.024  0.019  0.034  0.019 
2013-10-27, 0.027  0.027  0.025  0.02  0.032  0.02  0.022  0.03  0.02  0.033  0.019  0.019  0.032  0.026  0.059  0.057  0.048  0.138  0.065  0.058  0.022  0.017  0.149  0.627  0.075  0.356  0.018  0.052  0.046  0.053  0.051  0.057  0.171  0.089  0.11  0.104  0.101  0.073  0.091  0.097  0.056  0.02  0.032  0.02  0.03  0.023  0.019  0.034  0.019 
2013-10-28, 0.023  0.03  0.019  0.032  0.02  0.019  0.033  0.019  0.025  0.027  0.02  0.032  0.025  0.051  0.064  0.042  0.03  0.021  0.018  0.031  0.017  0.023  0.025  0.018  0.03  0.018  0.018  0.031  0.018  0.035  0.05  0.046  0.058  0.052  0.102  0.096  0.087  0.1  0.08  0.062  0.064  0.052  0.067  0.023  0.026  0.026  0.019  0.032 
2013-10-29, 0.019  0.02  0.032  0.02  0.026  0.026  0.019  0.033  0.019  0.02  0.032  0.019  0.025  0.064  0.052  0.058  0.025  0.032  0.057  0.046  0.046  0.117  0.045  0.053  0.051  0.047  0.062  0.045  0.059  0.046  0.057  0.047  0.046  0.059  0.075  0.071  0.054  0.083  0.111  0.083  0.068  0.027  0.032  0.02  0.022  0.03  0.019  0.033 
2013-10-30, 0.019  0.021  0.031  0.02  0.029  0.022  0.02  0.032  0.019  0.019  0.032  0.019  0.031  0.059  0.052  0.048  0.039  0.018  0.031  0.046  0.047  0.821  0.559  0.028  0.022  0.018  0.031  0.032  0.06  0.046  0.06  0.046  0.053  0.053  0.061  0.162  0.06  0.095  0.09  0.062  0.07  0.057  0.07  0.054  0.028  0.024  0.02  0.032 
2013-10-31, 0.019  0.03  0.022  0.02  0.032  0.019  0.028  0.024  0.019  0.033  0.019  0.022  0.035  0.052  0.062  0.053  0.042  0.03  0.032  0.076  0.075  0.091  0.104  0.026  0.026  0.024  0.024  0.154  0.092  0.097  0.099  0.092  0.106  0.138  0.082  0.071  0.058  0.082  0.109  0.061  0.07  0.057  0.056  0.038  0.019  0.02  0.04  0.024 
2013-11-01, 0.023  0.029  0.02  0.027  0.025  0.02  0.028  0.023  0.019  0.031  0.021  0.019  0.039  0.051  0.052  0.063  0.047  0.047  0.06  0.131  0.085  0.074  0.087  0.069  0.086  0.061  0.087  0.217  0.208  0.11  0.09  0.103  0.093  0.086  0.162  0.642  0.073  0.08  0.086  0.065  0.101  0.117  0.058  0.034  0.02  0.022  0.03  0.019 
2013-11-02, 0.034  0.019  0.02  0.033  0.019  0.031  0.022  0.019  0.033  0.02  0.024  0.027  0.026  0.065  0.051  0.05  0.065  0.067  0.053  0.316  0.389  0.066  0.046  0.057  0.047  0.046  0.06  0.046  0.067  0.05  0.05  0.056  0.047  0.06  0.053  0.056  0.069  0.08  0.197  0.065  0.061  0.048  0.031  0.038  0.023  0.019  0.033  0.02 
2013-11-03, 0.02  0.032  0.02  0.028  0.025  0.019  0.033  0.02  0.019  0.033  0.02  0.019  0.039  0.052  0.053  0.063  0.064  0.043  0.025  0.019  0.031  0.044  0.046  0.059  0.046  0.046  0.058  0.124  0.059  0.047  0.047  0.06  0.046  0.056  0.068  0.054  0.068  0.077  0.08  0.153  0.72  0.065  0.099  0.02  0.032  0.02  0.021  0.031 
2013-11-04, 0.019  0.028  0.025  0.019  0.032  0.02  0.02  0.033  0.019  0.02  0.032  0.019  0.026  0.064  0.052  0.066  0.061  0.047  0.058  0.033  0.018  0.031  0.019  0.024  0.026  0.018  0.032  0.018  0.019  0.032  0.018  0.021  0.029  0.109  0.063  0.097  0.1  0.135  0.126  0.1  0.111  0.098  0.103  0.051  0.037  0.049  0.038  0.033 
2013-11-05, 0.033  0.02  0.019  0.033  0.019  0.019  0.033  0.019  0.019  0.033  0.018  0.02  0.039  0.052  0.051  0.064  0.05  0.051  0.064  0.02  0.019  0.031  0.018  0.018  0.197  0.828  0.177  0.057  0.046  0.057  0.048  0.046  0.06  0.059  0.056  0.071  0.056  0.077  0.102  0.054  0.062  0.061  0.098  0.08  0.019  0.02  0.032  0.019 
2013-11-06, 0.02  0.033  0.019  0.02  0.032  0.02  0.02  0.032  0.02  0.02  0.033  0.019  0.025  0.065  0.052  0.051  0.064  0.05  0.05  0.079  0.019  0.026  0.168  0.047  0.06  0.046  0.052  0.053  0.047  0.06  0.047  0.05  0.069  0.099  0.186  0.174  0.178  0.208  0.198  0.184  0.175  0.088  0.07  0.056  0.058  0.028  0.02  0.032 
2013-11-07, 0.02  0.02  0.034  0.019  0.02  0.033  0.019  0.023  0.029  0.02  0.028  0.023  0.026  0.064  0.05  0.05  0.078  0.048  0.047  0.059  0.04  0.059  0.046  0.046  0.058  0.046  0.056  0.057  0.099  0.06  0.045  0.054  0.05  0.046  0.059  0.058  0.056  0.091  0.078  0.058  0.061  0.053  0.064  0.043  0.038  0.05  0.038  0.037 
2013-11-08, 0.043  0.02  0.025  0.028  0.019  0.027  0.026  0.019  0.029  0.024  0.019  0.029  0.029  0.052  0.062  0.054  0.05  0.048  0.018  0.018  0.141  0.692  0.051  0.054  0.046  0.059  0.047  0.046  0.059  0.203  0.257  0.258  0.11  0.117  0.197  0.107  0.105  0.135  0.104  0.074  0.056  0.068  0.059  0.029  0.032  0.02  0.026  0.026 
2013-11-09, 0.019  0.032  0.02  0.019  0.033  0.02  0.019  0.036  0.031  0.02  0.031  0.019  0.026  0.065  0.051  0.051  0.087  0.02  0.019  0.031  0.019  0.041  0.059  0.046  0.047  0.059  0.046  0.131  0.268  0.262  0.214  0.09  0.076  0.087  0.096  0.085  0.092  0.092  0.123  0.042  0.022  0.023  0.036  0.022  0.024  0.034  0.022  0.028 
2013-11-10, 0.029  0.022  0.033  0.025  0.022  0.035  0.023  0.022  0.035  0.023  0.022  0.039  0.039  0.063  0.068  0.05  0.05  0.085  0.031  0.018  0.032  0.018  0.033  0.056  0.045  0.052  0.051  0.13  0.059  0.132  0.21  0.215  0.084  0.051  0.065  0.056  0.064  0.087  0.084  0.075  0.061  0.086  0.115  0.043  0.038  0.045  0.02  0.019 
2013-11-11, 0.033  0.019  0.02  0.032  0.021  0.019  0.027  0.025  0.02  0.025  0.049  0.024  0.026  0.064  0.051  0.05  0.064  0.049  0.022  0.039  0.046  0.02  0.031  0.018  0.018  0.031  0.017  0.018  0.031  0.018  0.018  0.049  0.046  0.13  0.213  0.204  0.202  0.216  0.227  0.248  0.261  0.246  0.254  0.038  0.023  0.035  0.022  0.022 
2013-11-12, 0.035  0.022  0.03  0.027  0.023  0.035  0.022  0.022  0.035  0.022  0.025  0.031  0.028  0.062  0.054  0.05  0.06  0.072  0.028  0.029  0.017  0.029  0.019  0.018  0.03  0.044  0.05  0.082  0.091  0.183  0.09  0.097  0.098  0.09  0.432  0.579  0.165  0.181  0.162  0.166  0.169  0.17  0.186  0.121  0.02  0.031  0.02  0.026 
2013-11-13, 0.025  0.02  0.033  0.02  0.02  0.032  0.02  0.019  0.032  0.02  0.019  0.031  0.025  0.053  0.064  0.051  0.051  0.071  0.018  0.027  0.875  0.479  0.801  0.114  0.073  0.03  0.018  0.019  0.03  0.019  0.038  0.058  0.046  0.053  0.062  0.056  0.085  0.125  0.127  0.121  0.1  0.098  0.111  0.068  0.081  0.03  0.019  0.025 
2013-11-14, 0.027  0.019  0.028  0.024  0.019  0.029  0.022  0.019  0.029  0.021  0.019  0.029  0.028  0.051  0.06  0.054  0.051  0.059  0.047  0.046  0.036  0.043  0.045  0.111  0.045  0.046  0.057  0.045  0.051  0.052  0.046  0.054  0.049  0.064  0.293  0.194  0.201  0.214  0.212  0.213  0.201  0.204  0.213  0.053  0.036  0.022  0.022  0.035 
2013-11-15, 0.021  0.033  0.025  0.022  0.035  0.023  0.022  0.034  0.023  0.027  0.029  0.022  0.036  0.055  0.051  0.062  0.052  0.048  0.059  0.149  0.076  0.086  0.074  0.084  0.076  0.078  0.074  0.11  0.093  0.063  0.074  0.058  0.062  0.071  0.069  0.084  0.072  0.104  0.062  0.055  0.063  0.022  0.032  0.019  0.023  0.028  0.02  0.032 
2013-11-16, 0.019  0.02  0.032  0.019  0.028  0.024  0.019  0.032  0.02  0.019  0.031  0.019  0.025  0.064  0.05  0.055  0.07  0.018  0.1  0.631  0.057  0.099  0.046  0.047  0.058  0.046  0.046  0.074  0.215  0.075  0.088  0.073  0.074  0.087  0.084  0.086  0.327  0.678  0.142  0.101  0.085  0.069  0.022  0.036  0.022  0.034  0.025  0.022 
2013-11-17, 0.036  0.022  0.03  0.028  0.023  0.035  0.022  0.025  0.033  0.023  0.034  0.024  0.03  0.065  0.05  0.052  0.059  0.019  0.03  0.018  0.086  0.055  0.046  0.056  0.048  0.046  0.057  0.054  0.048  0.057  0.045  0.072  0.141  0.173  0.185  0.172  0.173  0.206  0.194  0.174  0.181  0.17  0.144  0.026  0.019  0.032  0.02  0.019 
2013-11-18, 0.032  0.019  0.025  0.026  0.019  0.03  0.021  0.02  0.032  0.019  0.019  0.032  0.026  0.051  0.064  0.049  0.053  0.075  0.046  0.042  0.121  0.089  0.101  0.09  0.097  0.095  0.09  0.102  0.09  0.091  0.103  0.092  0.129  0.164  0.162  0.176  0.164  0.191  0.193  0.207  0.22  0.205  0.204  0.178  0.155  0.044  0.032  0.02 
2013-11-19, 0.032  0.019  0.02  0.032  0.02  0.019  0.032  0.019  0.021  0.03  0.02  0.022  0.035  0.052  0.055  0.06  0.051  0.057  0.026  0.018  0.028  0.043  0.045  0.058  0.046  0.046  0.129  0.046  0.053  0.052  0.053  0.071  0.078  0.08  0.097  0.088  0.855  0.458  0.522  0.095  0.135  0.128  0.141  0.127  0.034  0.029  0.023  0.034 
2013-11-20, 0.022  0.023  0.035  0.022  0.026  0.031  0.023  0.03  0.027  0.022  0.032  0.025  0.028  0.06  0.055  0.051  0.081  0.026  0.131  0.105  0.091  0.092  0.103  0.091  0.046  0.058  0.046  0.046  0.078  0.076  0.088  0.075  0.149  0.078  0.074  0.088  0.079  0.096  0.103  0.092  0.087  0.029  0.036  0.022  0.034  0.025  0.022  0.035 
2013-11-21, 0.023  0.027  0.031  0.022  0.034  0.024  0.023  0.035  0.023  0.022  0.035  0.022  0.027  0.065  0.051  0.05  0.064  0.051  0.05  0.033  0.018  0.096  0.059  0.046  0.046  0.112  0.046  0.049  0.055  0.046  0.051  0.053  0.048  0.06  0.062  0.078  0.094  0.098  0.089  0.122  0.094  0.089  0.098  0.111  0.094  0.04  0.022  0.023 
2013-11-22, 0.035  0.024  0.022  0.029  0.03  0.023  0.022  0.036  0.023  0.022  0.025  0.034  0.027  0.052  0.058  0.058  0.05  0.059  0.031  0.018  0.019  0.019  0.06  0.047  0.046  0.06  0.046  0.046  0.059  0.046  0.046  0.145  0.177  0.126  0.15  0.136  0.19  0.103  0.091  0.097  0.101  0.048  0.036  0.023  0.028  0.03  0.023  0.035 
2013-11-23, 0.023  0.023  0.035  0.023  0.023  0.036  0.023  0.022  0.035  0.023  0.022  0.035  0.028  0.051  0.063  0.051  0.052  0.06  0.097  0.843  0.466  0.334  0.19  0.19  0.192  0.051  0.055  0.046  0.054  0.055  0.047  0.059  0.047  0.048  0.154  0.193  0.195  0.209  0.197  0.199  0.207  0.196  0.22  0.198  0.112  0.036  0.022  0.029 
2013-11-24, 0.028  0.022  0.035  0.022  0.023  0.035  0.022  0.027  0.03  0.022  0.033  0.025  0.028  0.064  0.051  0.049  0.063  0.055  0.075  0.032  0.019  0.03  0.046  0.092  0.105  0.092  0.091  0.105  0.093  0.098  0.198  0.093  0.109  0.097  0.091  0.105  0.092  0.092  0.103  0.127  0.144  0.142  0.126  0.047  0.022  0.025  0.032  0.023 
2013-11-25, 0.034  0.023  0.022  0.035  0.023  0.024  0.033  0.023  0.029  0.029  0.022  0.032  0.03  0.051  0.063  0.049  0.072  0.032  0.019  0.018  0.031  0.018  0.018  0.031  0.018  0.02  0.029  0.018  0.021  0.028  0.019  0.021  0.062  0.086  0.089  0.131  0.083  0.134  0.134  0.135  0.146  0.037  0.035  0.024  0.023  0.035  0.022  0.026 
2013-11-26, 0.031  0.023  0.03  0.027  0.023  0.033  0.025  0.022  0.035  0.022  0.022  0.034  0.028  0.052  0.06  0.052  0.051  0.062  0.051  0.049  0.044  0.047  0.054  0.051  0.046  0.123  0.046  0.049  0.057  0.045  0.063  0.076  0.078  0.097  0.154  0.157  0.132  0.132  0.144  0.088  0.101  0.088  0.084  0.038  0.022  0.035  0.023  0.027 
2013-11-27, 0.03  0.03  0.022  0.035  0.023  0.024  0.033  0.023  0.033  0.025  0.022  0.035  0.021  0.028  0.064  0.05  0.052  0.061  0.07  0.038  0.021  0.02  0.856  0.682  0.315  0.842  0.106  0.055  0.049  0.124  0.064  0.045  0.058  0.061  0.203  0.22  0.209  0.221  0.21  0.215  0.22  0.253  0.137  0.022  0.037  0.023  0.029  0.03  0.022 
2013-11-28, 0.036  0.022  0.028  0.031  0.022  0.035  0.022  0.023  0.035  0.022  0.029  0.029  0.028  0.065  0.05  0.05  0.064  0.049  0.055  0.04  0.019  0.039  0.048  0.045  0.059  0.046  0.049  0.09  0.092  0.101  0.093  0.091  0.11  0.138  0.176  0.18  0.171  0.2  0.198  0.174  0.228  0.217  0.214  0.041  0.02  0.024  0.028  0.02 
2013-11-29, 0.029  0.023  0.02  0.032  0.02  0.019  0.033  0.02  0.019  0.032  0.02  0.019  0.038  0.052  0.051  0.064  0.051  0.068  0.038  0.018  0.028  0.046  0.046  0.059  0.046  0.046  0.059  0.083  0.1  0.122  0.12  0.134  0.125  0.135  0.138  0.129  0.142  0.131  0.137  0.136  0.124  0.086  0.023  0.033  0.027  0.023  0.036  0.023 
2013-11-30, 0.028  0.031  0.023  0.036  0.022  0.023  0.035  0.023  0.023  0.035  0.022  0.028  0.035  0.052  0.059  0.054  0.051  0.063  0.05  0.048  0.06  0.049  0.067  0.082  0.074  0.087  0.127  0.076  0.069  0.073  0.183  0.107  0.265  0.385  0.405  0.359  0.217  0.208  0.188  0.193  0.178  0.18  0.191  0.178  0.187  0.177  0.179  0.023 
2013-12-01, 0.027  0.033  0.023  0.036  0.022  0.027  0.031  0.023  0.036  0.023  0.023  0.036  0.028  0.054  0.061  0.049  0.061  0.078  0.031  0.032  0.027  0.667  0.361  0.566  0.019  0.053  0.116  0.048  0.057  0.046  0.054  0.053  0.046  0.079  0.062  0.063  0.096  0.097  0.091  0.104  0.09  0.094  0.119  0.097  0.036  0.022  0.024  0.034 
2013-12-02, 0.023  0.036  0.022  0.028  0.031  0.022  0.036  0.022  0.022  0.035  0.022  0.023  0.04  0.051  0.055  0.057  0.051  0.045  0.021  0.02  0.06  0.046  0.046  0.059  0.045  0.05  0.055  0.046  0.053  0.051  0.046  0.057  0.047  0.176  0.217  0.204  0.211  0.213  0.205  0.217  0.203  0.184  0.188  0.073  0.029  0.022  0.036  0.022 
2013-12-03, 0.033  0.024  0.022  0.035  0.023  0.031  0.027  0.022  0.035  0.022  0.023  0.033  0.027  0.06  0.055  0.049  0.064  0.068  0.046  0.104  0.091  0.104  0.092  0.091  0.104  0.091  0.171  0.097  0.09  0.103  0.111  0.121  0.139  0.185  0.215  0.207  0.203  0.235  0.212  0.214  0.203  0.199  0.21  0.167  0.034  0.024  0.022  0.036 
2013-12-04, 0.022  0.03  0.028  0.022  0.035  0.022  0.022  0.035  0.022  0.029  0.028  0.022  0.039  0.053  0.05  0.061  0.051  0.048  0.041  0.019  0.037  0.052  0.045  0.551  0.964  0.166  0.157  0.136  0.165  0.213  0.162  0.158  0.144  0.216  0.222  0.23  0.201  0.248  0.257  0.192  0.213  0.134  0.049  0.062  0.064  0.062  0.061  0.048 
2013-12-05, 0.049  0.072  0.06  0.05  0.057  0.047  0.048  0.066  0.059  0.053  0.059  0.045  0.053  0.092  0.078  0.078  0.1  0.083  0.081  0.825  0.547  0.17  0.17  0.197  0.119  0.128  0.104  0.104  0.117  0.113  0.229  0.16  0.195  0.255  0.214  0.24  0.221  0.219  0.198  0.193  0.232  0.21  0.21  0.121  0.048  0.063  0.061  0.066 
2013-12-06, 0.063  0.049  0.058  0.053  0.06  0.074  0.054  0.048  0.062  0.049  0.051  0.073  0.067  0.082  0.094  0.078  0.078  0.091  0.102  0.064  0.074  0.35  0.577  0.573  0.063  0.089  0.1  0.08  0.078  0.102  0.176  0.086  0.124  0.193  0.218  0.253  0.24  0.25  0.228  0.259  0.296  0.249  0.093  0.054  0.058  0.063  0.069  0.08 
2013-12-07, 0.056  0.054  0.066  0.056  0.068  0.079  0.055  0.057  0.063  0.054  0.072  0.072  0.063  0.089  0.088  0.081  0.095  0.098  0.092  0.09  0.079  0.078  0.092  0.099  0.129  0.118  0.101  0.116  0.185  0.157  0.215  0.187  0.154  0.298  0.418  0.383  0.305  0.286  0.275  0.22  0.208  0.234  0.158  0.063  0.08  0.065  0.069  0.058 
2013-12-08, 0.055  0.068  0.056  0.073  0.073  0.063  0.068  0.054  0.054  0.067  0.057  0.066  0.081  0.089  0.089  0.088  0.082  0.093  0.104  0.097  0.074  0.079  0.093  0.085  0.081  0.094  0.158  1.04  0.541  0.342  0.104  0.087  0.084  0.191  0.259  0.261  0.268  0.27  0.279  0.251  0.251  0.258  0.254  0.242  0.067  0.057  0.07  0.056 
2013-12-09, 0.071  0.076  0.067  0.07  0.057  0.055  0.068  0.055  0.065  0.078  0.065  0.063  0.069  0.085  0.091  0.086  0.087  0.124  0.092  0.098  0.105  0.062  0.063  0.057  0.057  0.081  0.067  0.07  0.07  0.058  0.067  0.062  0.093  0.279  0.254  0.268  0.284  0.258  0.24  0.239  0.236  0.286  0.273  0.169  0.071  0.076  0.073  0.055 
2013-12-10, 0.078  0.067  0.08  0.08  0.072  0.085  0.066  0.055  0.067  0.054  0.06  0.059  0.059  0.093  0.082  0.08  0.094  0.101  0.08  0.095  0.08  0.099  0.806  0.188  0.148  0.084  0.091  0.088  0.074  0.082  0.071  0.108  0.099  0.275  0.226  0.217  0.235  0.231  0.231  0.216  0.214  0.238  0.256  0.094  0.056  0.064  0.072  0.061 
2013-12-11, 0.073  0.06  0.06  0.069  0.055  0.062  0.06  0.055  0.067  0.055  0.054  0.067  0.059  0.084  0.096  0.08  0.097  0.1  0.077  0.083  0.059  0.076  0.097  0.083  0.082  0.078  0.054  0.055  0.077  0.096  0.087  0.095  0.171  0.24  0.24  0.23  0.239  0.276  0.227  0.237  0.227  0.279  0.264  0.079  0.065  0.053  0.065  0.055 
2013-12-12, 0.053  0.067  0.053  0.055  0.065  0.053  0.058  0.06  0.053  0.06  0.058  0.053  0.064  0.087  0.08  0.085  0.086  0.098  0.075  0.07  0.074  0.079  0.082  0.065  0.054  0.06  0.055  0.061  0.085  0.087  0.088  0.114  0.119  0.231  0.254  0.226  0.235  0.231  0.228  0.241  0.235  0.235  0.245  0.221  0.219  0.069  0.057  0.071 
2013-12-13, 0.057  0.058  0.07  0.057  0.063  0.064  0.057  0.073  0.063  0.062  0.075  0.061  0.067  0.102  0.089  0.087  0.103  0.116  0.112  0.118  0.082  0.096  0.083  0.083  0.119  0.104  0.192  0.099  0.109  0.784  0.475  0.501  0.201  0.251  0.262  0.268  0.237  0.228  0.276  0.245  0.219  0.068  0.066  0.073  0.061  0.074  0.06  0.066 
2013-12-14, 0.069  0.061  0.073  0.06  0.063  0.07  0.058  0.072  0.06  0.059  0.07  0.058  0.065  0.097  0.085  0.093  0.088  0.09  0.108  0.053  0.054  0.072  0.084  0.103  0.091  0.091  0.105  0.101  0.113  0.117  0.107  0.222  0.21  0.205  0.223  0.205  0.225  0.24  0.234  0.271  0.279  0.282  0.282  0.231  0.233  0.08  0.076  0.063 
2013-12-15, 0.064  0.075  0.063  0.076  0.063  0.063  0.076  0.064  0.07  0.07  0.063  0.077  0.069  0.092  0.104  0.089  0.092  0.1  0.086  0.097  0.091  0.102  0.119  0.105  0.105  0.111  0.103  0.14  0.145  0.232  0.291  0.28  0.275  0.229  0.244  0.24  0.233  0.215  0.196  0.233  0.237  0.207  0.205  0.111  0.081  0.065  0.076  0.067 
2013-12-16, 0.064  0.078  0.065  0.073  0.07  0.064  0.079  0.064  0.065  0.076  0.063  0.072  0.074  0.091  0.105  0.09  0.108  0.107  0.061  0.075  0.096  0.073  0.075  0.061  0.064  0.073  0.062  0.072  0.065  0.077  0.12  0.118  0.22  0.231  0.222  0.254  0.211  0.202  0.216  0.203  0.207  0.204  0.191  0.206  0.19  0.085  0.068  0.061 
2013-12-17, 0.074  0.06  0.064  0.07  0.064  0.075  0.062  0.063  0.076  0.062  0.064  0.071  0.067  0.098  0.096  0.099  0.113  0.1  0.097  0.095  0.081  0.086  0.079  0.072  0.184  0.099  0.111  0.102  0.098  0.206  0.102  0.113  0.1  0.181  0.195  0.264  0.245  0.243  0.214  0.186  0.182  0.192  0.177  0.203  0.181  0.059  0.071  0.063 
2013-12-18, 0.07  0.071  0.063  0.077  0.062  0.064  0.076  0.064  0.068  0.064  0.056  0.068  0.062  0.083  0.096  0.088  0.089  0.106  0.062  0.067  0.067  0.089  0.101  0.084  0.059  0.067  0.054  0.056  0.083  0.091  0.168  0.175  0.301  0.204  0.209  0.216  0.203  0.218  0.204  0.209  0.209  0.226  0.253  0.095  0.079  0.061  0.06  0.072 
2013-12-19, 0.058  0.068  0.061  0.057  0.079  0.064  0.065  0.076  0.063  0.072  0.069  0.062  0.076  0.085  0.083  0.094  0.082  0.084  0.134  0.087  0.094  0.094  0.085  0.076  0.091  0.091  0.102  0.096  0.967  0.738  0.74  0.175  0.299  0.215  0.215  0.206  0.208  0.204  0.205  0.208  0.21  0.209  0.19  0.189  0.203  0.071  0.068  0.069 
